product,response value,response,sentiment compound,lemm,question
Chobani Original,8,I like the taste. I like how creamy it is. I like the chunks of strawberries.,75.79,"['like', 'taste', 'like', 'creamy', 'like', 'chunk', 'strawberry']",Liking
Chobani Smooth,8,Great consistency. It lived up to the  smooth  name.,62.49,"['great', 'consistency', 'live', 'smooth', 'name']",Liking
Chobani Original,9,I enjoy the flavor of the yogurt and the tart of it. I also like the amount of fruit on the bottom.,69.08,"['enjoy', 'flavor', 'yogurt', 'tart', 'also', 'like', 'amount', 'fruit', 'bottom']",Liking
Chobani Smooth,8,"Smooth and creamy with no seeds, tastes like strawberry ice cream.  No bad aftertaste.",-65.97,"['smooth', 'creamy', 'seed', 'taste', 'like', 'strawberry', 'ice', 'cream', 'bad', 'aftertaste']",Liking
Chobani Original,7,Did not have a sour taste like some Greek yogurts,36.12,"['sour', 'taste', 'like', 'greek', 'yogurt']",Liking
Chobani Smooth,4,It was very creamy. The bits of strawberry added flavor.,0,"['creamy', 'bit', 'strawberry', 'add', 'flavor']",Liking
Chobani Original,8,"I like the creaminess, texture, and pleasant aftertaste. I really enjoy the thickness of this Chobani Greek Yogurt.",85.16,"['like', 'creaminess', 'texture', 'pleasant', 'aftertaste', 'really', 'enjoy', 'thickness', 'chobani', 'greek', 'yogurt']",Liking
Chobani Smooth,7,"Very smooth, a great taste that's a balance of sweet and tangy. I liked that it tasted more like Greek yogurt than regular yogurt.",91.81,"['smooth', 'great', 'taste', 'thats', 'balance', 'sweet', 'tangy', 'like', 'taste', 'like', 'greek', 'yogurt', 'regular', 'yogurt']",Liking
Chobani Original,9,I liked the strawberry flavor and the creamy Greek style consistency. I also liked the nutritional info.,68.08,"['like', 'strawberry', 'flavor', 'creamy', 'greek', 'style', 'consistency', 'also', 'like', 'nutritional', 'info']",Liking
Chobani Smooth,8,It has a nice pink color and pleasant strawberry smell.  I enjoyed the smooth texture and a good aftertaste.  The amount of sweetness was just right as well.,94.85,"['nice', 'pink', 'color', 'pleasant', 'strawberry', 'smell', 'enjoy', 'smooth', 'texture', 'good', 'aftertaste', 'amount', 'sweetness', 'right', 'well']",Liking
Chobani Original,8,good amount of real fruit mixed with yogurt  -just the right amount of sweetness  -liked the thickness and texture of this sample  -pleasant aftertaste,90.42,"['good', 'amount', 'real', 'fruit', 'mixed', 'yogurt', 'right', 'amount', 'sweetness', 'like', 'thickness', 'texture', 'sample', 'pleasant', 'aftertaste']",Liking
Chobani Smooth,7,it was smooth without chunks,0,"['smooth', 'without', 'chunk']",Liking
Chobani Original,4,"It's a healthy, packaged option for getting protein. It's sweet, but not terribly sugary tasting. The design of the package is easy to hold.",89.06,"['healthy', 'package', 'option', 'get', 'protein', 'sweet', 'terribly', 'sugary', 'taste', 'design', 'package', 'easy', 'hold']",Liking
Chobani Smooth,7,Smooth and creamy texture. Good flavor.,44.04,"['smooth', 'creamy', 'texture', 'good', 'flavor']",Liking
Chobani Original,8,Creamy  Smooth  Filling  Ample chunks of strawberry  Real fruit  No after taste  Low in caleries  12 G protein,-51.06,"['creamy', 'smooth', 'filling', 'ample', 'chunk', 'strawberry', 'real', 'fruit', 'taste', 'low', 'caleries', '12', 'g', 'protein']",Liking
Chobani Smooth,8,"I like the flavor of the yogurt, and it has a nice strawberry taste. It was creamy and smooth.",64.86,"['like', 'flavor', 'yogurt', 'nice', 'strawberry', 'taste', 'creamy', 'smooth']",Liking
Chobani Original,8,Thick creamy consistency and strong flavor,51.06,"['thick', 'creamy', 'consistency', 'strong', 'flavor']",Liking
Chobani Smooth,8,The creaminess and the smoothness.,0,"['creaminess', 'smoothness']",Liking
Chobani Original,9,"Very satisfying, smooth, creamy",50.95,"['satisfy', 'smooth', 'creamy']",Liking
Chobani Smooth,9,"The yogurt is very creamy, the strawberry taste is not tart but very sweet and very present in the product, the chunks of fruit are nice and just the right amount.",84.58,"['yogurt', 'creamy', 'strawberry', 'taste', 'tart', 'sweet', 'present', 'product', 'chunk', 'fruit', 'nice', 'right', 'amount']",Liking
Chobani Original,7,The packaging is nice and it clearly states what is inside: greek yogurt with strawberry on the bottom,67.05,"['packaging', 'nice', 'clearly', 'state', 'inside', 'greek', 'yogurt', 'strawberry', 'bottom']",Liking
Chobani Smooth,7,level of sweetness - not too sugary,49.39,"['level', 'sweetness', 'sugary']",Liking
Chobani Original,8,"Creamy, nice strawberry flavor, not too sweet",8.23,"['creamy', 'nice', 'strawberry', 'flavor', 'sweet']",Liking
Chobani Smooth,3,I liked that the yogurt had more protein than regular yogurt.,42.15,"['like', 'yogurt', 'protein', 'regular', 'yogurt']",Liking
Chobani Original,7,Not sweet. Small globs made seem rich/creamy/thick (like cottage cheese).,-35.7,"['sweet', 'small', 'glob', 'make', 'seem', 'richcreamythick', 'like', 'cottage', 'cheese']",Liking
Chobani Smooth,7,Thin-ness of yogurt. Smoothness.,0,"['thinness', 'yogurt', 'smoothness']",Liking
Chobani Original,7,The strawberry flavor and the fruit pieces.,0,"['strawberry', 'flavor', 'fruit', 'piece']",Liking
Chobani Smooth,7,Creamy and rich,55.74,"['creamy', 'rich']",Liking
Chobani Original,8,"creamy texture, strawberry flavor good",44.04,"['creamy', 'texture', 'strawberry', 'flavor', 'good']",Liking
Chobani Smooth,7,The extra creamy consistency,0,"['extra', 'creamy', 'consistency']",Liking
Chobani Original,8,"I like the thickness, taste, texture, strawberry chunks and not just strawberry flavor. I like that it has a lot of protein and only 100 calories. I also like that it is a natural color and not artificially dyed.",84.02,"['like', 'thickness', 'taste', 'texture', 'strawberry', 'chunk', 'strawberry', 'flavor', 'like', 'lot', 'protein', '100', 'calorie', 'also', 'like', 'natural', 'color', 'artificially', 'dye']",Liking
Chobani Smooth,7,"Price, less sugar, more protein, strawberry flavor. I would have wanted to eat another one right after this because the flavor was good.",44.04,"['price', 'le', 'sugar', 'protein', 'strawberry', 'flavor', 'would', 'want', 'eat', 'another', 'one', 'right', 'flavor', 'good']",Liking
Chobani Original,8,Very Smooth and Creamy texture.,0,"['smooth', 'creamy', 'texture']",Liking
Chobani Smooth,7,I like the smooth texture and even flavors throughout,36.12,"['like', 'smooth', 'texture', 'even', 'flavor', 'throughout']",Liking
Chobani Original,4,I really liked the thickness of it - it felt heavy (solid),47.54,"['really', 'liked', 'thickness', 'felt', 'heavy', 'solid']",Liking
Chobani Smooth,7,"Smoothness, the right amount of sweetness",49.39,"['smoothness', 'right', 'amount', 'sweetness']",Liking
Chobani Original,8,"The nutrition label was one of the top reasons I liked this yogurt. I love that it is fat free!     Looking at the first page, I thought there were a variety of appealing flavors to choose from.    Taste: The texture was pretty good, but it could have been smoother. I stirred mine quite a bit and still had some small chunks of yogurt. However, I really liked the size and taste of the strawberries!",92.44,"['nutrition', 'label', 'one', 'top', 'reason', 'like', 'yogurt', 'love', 'fat', 'free', 'look', 'first', 'page', 'think', 'variety', 'appeal', 'flavor', 'choose', 'taste', 'texture', 'pretty', 'good', 'could', 'smoother', 'stir', 'mine', 'quite', 'bit', 'still', 'small', 'chunk', 'yogurt', 'however', 'really', 'liked', 'size', 'taste', 'strawberry']",Liking
Chobani Smooth,8,I liked the strawberry flavor and the fruit pieces.It was smooth and had a nice taste.,68.08,"['like', 'strawberry', 'flavor', 'fruit', 'piecesit', 'smooth', 'nice', 'taste']",Liking
Chobani Original,9,I like the thickness of the yogurt and the taste of the Greek yogurt.  It was not sour or too sweet.  There was a good balance of strawberry to yogurt and I liked finding a chunk of strawberry.  I like the packaging because it is unique and easy to find in the yogurt section of a store.,93.93,"['like', 'thickness', 'yogurt', 'taste', 'greek', 'yogurt', 'sour', 'sweet', 'good', 'balance', 'strawberry', 'yogurt', 'like', 'find', 'chunk', 'strawberry', 'like', 'package', 'unique', 'easy', 'find', 'yogurt', 'section', 'store']",Liking
Chobani Smooth,6,"I liked the creaminess of the product. I also liked the nice, subtle flavor.",81.26,"['liked', 'creaminess', 'product', 'also', 'like', 'nice', 'subtle', 'flavor']",Liking
Chobani Original,8,"Thick, creamy consistency - the thickness makes it seem more like a dessert!  Natural ingredients, good strawberry flavor, no growth hormones.",84.61,"['thick', 'creamy', 'consistency', 'thickness', 'make', 'seem', 'like', 'dessert', 'natural', 'ingredient', 'good', 'strawberry', 'flavor', 'growth', 'hormone']",Liking
Chobani Smooth,9,"I love the  smooth  texture and the overall taste.  The texture feels like as it was extremely whipped (like whipping cream) and provides a different type of texture than traditional yogurt.  In my opinion, typical yogurt, is not as whipped as this version of yogurt.  Typical yogurt tends to be more separated than whipped.",77.17,"['love', 'smooth', 'texture', 'overall', 'taste', 'texture', 'feel', 'like', 'extremely', 'whip', 'like', 'whip', 'cream', 'provide', 'different', 'type', 'texture', 'traditional', 'yogurt', 'opinion', 'typical', 'yogurt', 'whip', 'version', 'yogurt', 'typical', 'yogurt', 'tend', 'separate', 'whip']",Liking
Chobani Original,7,"I liked the strawberry taste. I thought it had a good amount of sweetness, but not too sweet.It had a good amount of tartness too. I liked that it had a good amount of protein. I liked the serving size. It was a perfect amount for a snack.",97.79,"['like', 'strawberry', 'taste', 'think', 'good', 'amount', 'sweetness', 'sweetit', 'good', 'amount', 'tartness', 'like', 'good', 'amount', 'protein', 'like', 'serve', 'size', 'perfect', 'amount', 'snack']",Liking
Chobani Smooth,8,"Tastes great, sweet, smooth",79.64,"['taste', 'great', 'sweet', 'smooth']",Liking
Chobani Original,8,"Product was not too sweet, has a thicker taste (but not too thick) and has good flavor. Overall, it's something I would eat.",10.78,"['product', 'sweet', 'thicker', 'taste', 'thick', 'good', 'flavor', 'overall', 'something', 'would', 'eat']",Liking
Chobani Smooth,8,"I like the smooth and creamy texture and awesome taste, which was not too sweet.",62.73,"['like', 'smooth', 'creamy', 'texture', 'awesome', 'taste', 'sweet']",Liking
Chobani Original,8,LOTS OF FRUIT IN THE CUP. GOOD FLAVOR. VERY FILLING,44.04,"['lot', 'fruit', 'cup', 'good', 'flavor', 'filling']",Liking
Chobani Smooth,6,Creamy,0,['creamy'],Liking
Chobani Original,8,Mixture of fruit pieces with yogurt.  Only 120 calories.,0,"['mixture', 'fruit', 'piece', 'yogurt', '120', 'calorie']",Liking
Chobani Smooth,9,It tasted like fresh fruit and was very filling.,58.59,"['taste', 'like', 'fresh', 'fruit', 'filling']",Liking
Chobani Original,9,Texture  Protein content  Consistency  Real fruit  Amount  Fullness,0,"['texture', 'protein', 'content', 'consistency', 'real', 'fruit', 'amount', 'fullness']",Liking
Chobani Smooth,8,I liked the texture.  It was very smooth and creamy.  I liked that it wasn't too sweet.  It had a  clean  taste with no artificial or unpleasant aftertaste.,13.31,"['liked', 'texture', 'smooth', 'creamy', 'like', 'wasnt', 'sweet', 'clean', 'taste', 'artificial', 'unpleasant', 'aftertaste']",Liking
Chobani Original,7,"I thought the actual yogurt was good, creamy, smooth and filling like I expect of greek yogurts. The packaging is eye pleasing.",83.16,"['think', 'actual', 'yogurt', 'good', 'creamy', 'smooth', 'fill', 'like', 'expect', 'greek', 'yogurt', 'package', 'eye', 'pleasing']",Liking
Chobani Smooth,7,"That it is smooth and creamy, has less sugar, is higher in protein than other regular yogurts. However, I my still opt for Greek yogurts that have a bit higher protein.  I like that it is non-GMO. The price is reasonable. I like that the fruit was blended in.",61.24,"['smooth', 'creamy', 'less', 'sugar', 'high', 'protein', 'regular', 'yogurt', 'however', 'still', 'opt', 'greek', 'yogurt', 'bit', 'high', 'protein', 'like', 'nongmo', 'price', 'reasonable', 'like', 'fruit', 'blend']",Liking
Chobani Original,8,"Thick and creamy  real strawberries gave it a good flavor, plus chunks of berries  5 grams of live cultures,  12 g. protein",44.04,"['thick', 'creamy', 'real', 'strawberry', 'give', 'good', 'flavor', 'plus', 'chunks', 'berry', '5', 'gram', 'live', 'culture', '12', 'g', 'protein']",Liking
Chobani Smooth,8,"color, consistency, no big chunks of fruit",-29.6,"['color', 'consistency', 'big', 'chunk', 'fruit']",Liking
Chobani Original,8,There is a lovely thickness to this product. I really liked the consistency and weight of it.  It  felt  like a substantial treat. The fruit flavor adds pops of interest.,94.22,"['lovely', 'thickness', 'product', 'really', 'liked', 'consistency', 'weight', 'felt', 'like', 'substantial', 'treat', 'fruit', 'flavor', 'add', 'pops', 'interest']",Liking
Chobani Smooth,8,"Texture, flavor and not having the fruit on the bottom",0,"['texture', 'flavor', 'fruit', 'bottom']",Liking
Chobani Original,7,i like that it is creamy and has big pieces of fruit,36.12,"['like', 'creamy', 'big', 'piece', 'fruit']",Liking
Chobani Smooth,8,"It  was smooth & Creamy, It had the right amount of sweetness and overall great flavor.",80.74,"['smooth', 'creamy', 'right', 'amount', 'sweetness', 'overall', 'great', 'flavor']",Liking
Chobani Original,8,creamy,0,['creamy'],Liking
Chobani Smooth,8,The taste is great!,65.88,"['taste', 'great']",Liking
Chobani Original,7,"Pieces of fruit were perfect size,  not too big and blended in well with the yogurt.",70.03,"['piece', 'fruit', 'perfect', 'size', 'big', 'blend', 'well', 'yogurt']",Liking
Chobani Smooth,8,creaminess with a little tang,0,"['creaminess', 'little', 'tang']",Liking
Chobani Original,8,"Non-GMO, live cultured robiotics good for digestion health, made w/real fruit, cane sugar, taste, texture.",44.04,"['nongmo', 'live', 'culture', 'robiotics', 'good', 'digestion', 'health', 'make', 'wreal', 'fruit', 'cane', 'sugar', 'taste', 'texture']",Liking
Chobani Smooth,7,Texture and flavor,0,"['texture', 'flavor']",Liking
Chobani Original,8,The taste & creaminess was very good. I like that there were some little chunks of strawberries so you could really tell there were berries in the yogurt.,71.59,"['taste', 'creaminess', 'good', 'like', 'little', 'chunk', 'strawberry', 'could', 'really', 'tell', 'berry', 'yogurt']",Liking
Chobani Smooth,8,"It's creamy, flavorful, (on the edge of) but not too sweet, fruity smelling and tasting, a bit tangy and affordable.",-49.73,"['creamy', 'flavorful', 'edge', 'sweet', 'fruity', 'smell', 'taste', 'bit', 'tangy', 'affordable']",Liking
Chobani Original,8,Thickness and great fruit flavor,62.49,"['thickness', 'great', 'fruit', 'flavor']",Liking
Chobani Smooth,4,I like the packaging,36.12,"['like', 'packaging']",Liking
Chobani Original,8,Good flavor and it was very smooth.,44.04,"['good', 'flavor', 'smooth']",Liking
Chobani Smooth,7,"I liked the overall strawberry flavor and that it was already mixed in, versus being fruit on the bottom that had to be stirred in. I also liked that it was so smooth and creamy. It was light, flavorful, and filling. It would make a great addition to a meal or a healthy snack.",90.81,"['like', 'overall', 'strawberry', 'flavor', 'already', 'mixed', 'versus', 'fruit', 'bottom', 'stir', 'also', 'like', 'smooth', 'creamy', 'light', 'flavorful', 'filling', 'would', 'make', 'great', 'addition', 'meal', 'healthy', 'snack']",Liking
Chobani Original,7,the amount of protein and had lots of flavor.,0,"['amount', 'protein', 'lot', 'flavor']",Liking
Chobani Smooth,7,I like the flavor and there was no after taste for me. The texture is nice and smooth.,47.67,"['like', 'flavor', 'taste', 'texture', 'nice', 'smooth']",Liking
Chobani Original,9,Good flavor and I like the fruit chunks.,65.97,"['good', 'flavor', 'like', 'fruit', 'chunk']",Liking
Chobani Smooth,2,The texture and color look good,44.04,"['texture', 'color', 'look', 'good']",Liking
Chobani Original,7,the flavor is good.,44.04,"['flavor', 'good']",Liking
Chobani Smooth,6,Strawberry flavor was good.  Also the tangyness of the greek yogurt was perfect.,76.5,"['strawberry', 'flavor', 'good', 'also', 'tangyness', 'greek', 'yogurt', 'perfect']",Liking
Chobani Original,9,It tastes like actual strawberries.  It's not unnaturally pink.  It's sweet enough.  The yogurt is easy to get at -- there's no lip to the container that you have to scoop under.,77.83,"['taste', 'like', 'actual', 'strawberry', 'unnaturally', 'pink', 'sweet', 'enough', 'yogurt', 'easy', 'get', 'there', 'lip', 'container', 'scoop']",Liking
Chobani Smooth,7,"Very smooth, low fat, small chunks of strawberry",-33.53,"['smooth', 'low', 'fat', 'small', 'chunk', 'strawberry']",Liking
Chobani Original,9,"Thick,  creamy, not too sweet with a slight tang, fruit on the bottom, with some pieces of fruit, container was big enough to mix the fruit with the yoghurt.",-35.7,"['thick', 'creamy', 'sweet', 'slight', 'tang', 'fruit', 'bottom', 'piece', 'fruit', 'container', 'big', 'enough', 'mix', 'fruit', 'yoghurt']",Liking
Chobani Smooth,1,"I liked the texture.  It was very smooth, there were not any chunks in it.  I also liked the  color of the product.  The  coloring seemed very natural.  The price of the product is very good too.",89.06,"['liked', 'texture', 'smooth', 'chunk', 'also', 'like', 'color', 'product', 'coloring', 'seem', 'natural', 'price', 'product', 'good']",Liking
Chobani Original,6,Texture of the yogurt,0,"['texture', 'yogurt']",Liking
Chobani Smooth,7,"The smooth, creamy texture.  The flavor was sweet, but no too sweet to be overpowering.",49.39,"['smooth', 'creamy', 'texture', 'flavor', 'sweet', 'sweet', 'overpowering']",Liking
Chobani Original,8,"it is thick and creamy, good flavor",44.04,"['thick', 'creamy', 'good', 'flavor']",Liking
Chobani Smooth,8,Very smooth and tasty.,0,"['smooth', 'tasty']",Liking
Chobani Original,8,Thick and creamy texture. Pleasant flavor. No after taste.,27.32,"['thick', 'creamy', 'texture', 'pleasant', 'flavor', 'taste']",Liking
Chobani Smooth,8,Very smooth and creamy.  Lowfat usually has a funny taste to me but this product did not.  The packaging is appealing and I like that the word smooth is highlighted.  I like the cost (2 for $1.75).,81.51,"['smooth', 'creamy', 'lowfat', 'usually', 'funny', 'taste', 'product', 'packaging', 'appeal', 'like', 'word', 'smooth', 'highlight', 'like', 'cost', '2', '175']",Liking
Chobani Original,7,The flavor of the yogurt is something that I enjoy the most.  The texture of the yogurt was smooth.,49.39,"['flavor', 'yogurt', 'something', 'enjoy', 'texture', 'yogurt', 'smooth']",Liking
Chobani Smooth,8,Has a good flavor and not too sweet.  Smooth texture like stated on the package.  Often non-greek yogurts taste so sugary and this one did not.,44.42,"['good', 'flavor', 'sweet', 'smooth', 'texture', 'like', 'state', 'package', 'often', 'nongreek', 'yogurt', 'taste', 'sugary', 'one']",Liking
Chobani Original,7,I liked the flavor of the yougart and the mix in stuff and the packaging of the product.,42.15,"['like', 'flavor', 'yougart', 'mix', 'stuff', 'packaging', 'product']",Liking
Chobani Smooth,7,it was very smooth,0,['smooth'],Liking
Chobani Original,8,The chunks of strawberry in it.,0,"['chunk', 'strawberry']",Liking
Chobani Smooth,8,Very creamy with chunks of real fruit.  11 grams of protein.,0,"['creamy', 'chunk', 'real', 'fruit', '11', 'gram', 'protein']",Liking
Chobani Original,8,The flavor is good and the texture is creamy.,44.04,"['flavor', 'good', 'texture', 'creamy']",Liking
Chobani Smooth,8,It really tasted like fresh strawberry.  There was a lot of pieces fruit in it. It was not chalky.,65.33,"['really', 'taste', 'like', 'fresh', 'strawberry', 'lot', 'piece', 'fruit', 'chalky']",Liking
Chobani Original,8,Strawberry flavor was perfect & I liked the thick consistency.,75.79,"['strawberry', 'flavor', 'perfect', 'like', 'thick', 'consistency']",Liking
Chobani Smooth,8,I love how it had a strong taste in flavor.,81.76,"['love', 'strong', 'taste', 'flavor']",Liking
Chobani Original,8,I love the texture and flavor of the yogurt.,63.69,"['love', 'texture', 'flavor', 'yogurt']",Liking
Chobani Smooth,6,Creamy texture.  Good portion size.,44.04,"['creamy', 'texture', 'good', 'portion', 'size']",Liking
Chobani Original,8,"It tasted really good.  Not too heavy of a strawberry taste, just enough",49.27,"['taste', 'really', 'good', 'heavy', 'strawberry', 'taste', 'enough']",Liking
Chobani Smooth,8,"It's smooth, creamy and easily blend able (mixing in the fruit with yogurt part).",34,"['smooth', 'creamy', 'easily', 'blend', 'able', 'mixing', 'fruit', 'yogurt', 'part']",Liking
Chobani Original,8,I enjoy the fruit at the bottom and overall the taste creamy and smooth.,49.39,"['enjoy', 'fruit', 'bottom', 'overall', 'taste', 'creamy', 'smooth']",Liking
Chobani Smooth,8,"the strawberry flavor was deep , II also texture - thick but not too thick",0,"['strawberry', 'flavor', 'deep', 'ii', 'also', 'texture', 'thick', 'thick']",Liking
Chobani Original,6,It has good flavor and good texture with the yogurt.,70.03,"['good', 'flavor', 'good', 'texture', 'yogurt']",Liking
Chobani Smooth,9,I like that it tastes smooth and creamy. The taste is really nice and I also like the thickness/density.,79.6,"['like', 'taste', 'smooth', 'creamy', 'taste', 'really', 'nice', 'also', 'like', 'thicknessdensity']",Liking
Chobani Original,7,I like the strawberry flavor and it is the right amount of sweet flavor. Creamy too.,67.05,"['like', 'strawberry', 'flavor', 'right', 'amount', 'sweet', 'flavor', 'creamy']",Liking
Chobani Smooth,7,"all natural, good flavor, smooth and creamy",65.97,"['natural', 'good', 'flavor', 'smooth', 'creamy']",Liking
Chobani Original,7,The taste,0,['taste'],Liking
Chobani Smooth,6,The flavor is pretty good. I like that it's high in protein and lower in fat and sugar than regular greek yogurt.,75.06,"['flavor', 'pretty', 'good', 'like', 'high', 'protein', 'lower', 'fat', 'sugar', 'regular', 'greek', 'yogurt']",Liking
Chobani Original,7,The yogurt is thick. The fruit flavor is good.,44.04,"['yogurt', 'thick', 'fruit', 'flavor', 'good']",Liking
Chobani Smooth,7,I liked how creamy it was and how the taste was consistent throughout the product. Like there wasn't any spots where it tasted like bland yogurt.,77.83,"['like', 'creamy', 'taste', 'consistent', 'throughout', 'product', 'like', 'wasnt', 'spot', 'taste', 'like', 'bland', 'yogurt']",Liking
Chobani Original,8,"I liked the strawberry flavor, it's very sweet, not tart,creamy.",72.64,"['like', 'strawberry', 'flavor', 'sweet', 'tartcreamy']",Liking
Chobani Smooth,8,"thickness of the yogurt, and the taste",0,"['thickness', 'yogurt', 'taste']",Liking
Chobani Original,8,"It had good flavor, creamy, no aftertaste that was bad",-42.15,"['good', 'flavor', 'creamy', 'aftertaste', 'bad']",Liking
Chobani Smooth,8,"creamy and the texture, good tast",44.04,"['creamy', 'texture', 'good', 'tast']",Liking
Chobani Original,8,"It's smooth and taste's like the natural strawberry flavor. Also, it had a good aftertaste.",78.45,"['smooth', 'taste', 'like', 'natural', 'strawberry', 'flavor', 'also', 'good', 'aftertaste']",Liking
Chobani Smooth,7,I liked the thickness and flavor of it.,42.15,"['liked', 'thickness', 'flavor']",Liking
Chobani Original,7,DIDN'T LEAVE A WEIRD AFTER TASTE IN MY MOUTH & IT WASN'T TOO TART,16.95,"['didnt', 'leave', 'weird', 'taste', 'mouth', 'wasnt', 'tart']",Liking
Chobani Smooth,9,"It has a very smooth texture, not powdery or clumpy.  I like that it only has natural coloringing.  I like that there isn't fruit on the bottom or fruit pieces in it, so I don't have to mix it before I eat it...I can just eat it!  It's not too sweet and it has the ideal strawberry flavor to it.  It's thick, so it feels like I'm eating greek yogurt.  The price is a good deal.",92.03,"['smooth', 'texture', 'powdery', 'clumpy', 'like', 'natural', 'color', 'like', 'isnt', 'fruit', 'bottom', 'fruit', 'piece', 'dont', 'mix', 'eat', 'iti', 'eat', 'sweet', 'ideal', 'strawberry', 'flavor', 'thick', 'feel', 'like', 'im', 'eat', 'greek', 'yogurt', 'price', 'good', 'deal']",Liking
Chobani Smooth,3,Creamy,0,['creamy'],Liking
Chobani Smooth,9,I like the flavor and the smoothness,36.12,"['like', 'flavor', 'smoothness']",Liking
Chobani Smooth,7,"packaging is very appealing, tasted pretty good for low fat",64.44,"['package', 'appeal', 'taste', 'pretty', 'good', 'low', 'fat']",Liking
Chobani Smooth,6,"Wide container cup design, real fruit pieces, texture, 25% less sugar 2x more protein advertised on product, Chobani smooth low-fat classic yogurt description",0,"['wide', 'container', 'cup', 'design', 'real', 'fruit', 'piece', 'texture', '25', 'less', 'sugar', '2x', 'protein', 'advertise', 'product', 'chobani', 'smooth', 'lowfat', 'classic', 'yogurt', 'description']",Liking
Chobani Smooth,5,Creamy texture.  Strawberry flavor.,0,"['creamy', 'texture', 'strawberry', 'flavor']",Liking
Chobani Smooth,7,"Flavor, consistancy",0,"['flavor', 'consistancy']",Liking
Chobani Smooth,8,"creamy, smooth",0,"['creamy', 'smooth']",Liking
Chobani Smooth,8,the creaminess of the yogurt.,0,"['creaminess', 'yogurt']",Liking
Chobani Smooth,8,"It is nice, smooth and thick texture.",42.15,"['nice', 'smooth', 'thick', 'texture']",Liking
Chobani Smooth,7,It is very smooth and creamy.,0,"['smooth', 'creamy']",Liking
Chobani Smooth,8,"great flavor, smooth and easy to eat",79.06,"['great', 'flavor', 'smooth', 'easy', 'eat']",Liking
Chobani Smooth,3,I liked the shape of the bowl/container.  It was easier to eat out of and I felt like I had more yogurt than the Yoplait I usually have.,79.64,"['liked', 'shape', 'bowlcontainer', 'easy', 'eat', 'felt', 'like', 'yogurt', 'yoplait', 'usually']",Liking
Chobani Smooth,8,Right amount of strawberry flavor.,0,"['right', 'amount', 'strawberry', 'flavor']",Liking
Chobani Smooth,8,"Perfect size for a snack, also easy to use container for children. I refilled it for my little one and there was no spills.",65.97,"['perfect', 'size', 'snack', 'also', 'easy', 'use', 'container', 'child', 'refill', 'little', 'one', 'spill']",Liking
Chobani Smooth,7,"It wasn't overly sweet, had a light texture to it.",-35.7,"['wasnt', 'overly', 'sweet', 'light', 'texture']",Liking
Chobani Smooth,9,"very smooth, great taste.  Love the tartness, it's a little subtle but definitely there",81.48,"['smooth', 'great', 'taste', 'love', 'tartness', 'little', 'subtle', 'definitely']",Liking
Chobani Smooth,7,Flavor,0,['flavor'],Liking
Chobani Smooth,8,texture and taste,0,"['texture', 'taste']",Liking
Chobani Smooth,4,the creamy texture,0,"['creamy', 'texture']",Liking
Chobani Smooth,7,it is smooth and texture is good,44.04,"['smooth', 'texture', 'good']",Liking
Chobani Smooth,9,taste and smoothness,0,"['taste', 'smoothness']",Liking
Chobani Smooth,8,The texture is smooth and it was very flavorful. The strawberries were good too,44.04,"['texture', 'smooth', 'flavorful', 'strawberry', 'good']",Liking
Chobani Smooth,8,"good taste, smooth consistency. not too tart",44.04,"['good', 'taste', 'smooth', 'consistency', 'tart']",Liking
Chobani Smooth,7,Tastes pretty good. I like strawberry.,82.25,"['taste', 'pretty', 'good', 'like', 'strawberry']",Liking
Chobani Smooth,8,Smooth texture and good strawberry taste.,44.04,"['smooth', 'texture', 'good', 'strawberry', 'taste']",Liking
Chobani Smooth,8,It is smooth and creamy. It has a good strawberry flavor.,44.04,"['smooth', 'creamy', 'good', 'strawberry', 'flavor']",Liking
Chobani Smooth,7,It tasted like greek yogurt but it wasn't. It wasn't quite as thick as a greek yogurt.,19.01,"['taste', 'like', 'greek', 'yogurt', 'wasnt', 'wasnt', 'quite', 'thick', 'greek', 'yogurt']",Liking
Chobani Smooth,7,Lot's of strawberry flavor and was not tart at all.,0,"['lot', 'strawberry', 'flavor', 'tart']",Liking
Chobani Smooth,7,"Good taste, not bland.",44.04,"['good', 'taste', 'bland']",Liking
Chobani Smooth,3,The creaminess,0,['creaminess'],Liking
Chobani Smooth,7,#NAME?,0,['name'],Liking
Chobani Smooth,7,creamy texture,0,"['creamy', 'texture']",Liking
Chobani Smooth,8,It's texture and taste,0,"['texture', 'taste']",Liking
Chobani Smooth,8,"Creamy,lots of fruit",0,"['creamylots', 'fruit']",Liking
Chobani Smooth,7,It was mostly smooth. I got 2 small chunks. I like the 11 gm of protein. It's lowfat.,36.12,"['mostly', 'smooth', 'get', '2', 'small', 'chunk', 'like', '11', 'gm', 'protein', 'lowfat']",Liking
Chobani Smooth,2,not lumpy,0,['lumpy'],Liking
Chobani Smooth,8,This product was creamy and a great color.,62.49,"['product', 'creamy', 'great', 'color']",Liking
Chobani Smooth,3,creamy,0,['creamy'],Liking
Chobani Smooth,6,good strawberry flavor,44.04,"['good', 'strawberry', 'flavor']",Liking
Chobani Smooth,9,I really like how smooth and creamy it is.,42.01,"['really', 'like', 'smooth', 'creamy']",Liking
Chobani Smooth,3,smell and color,0,"['smell', 'color']",Liking
Chobani Smooth,7,"I thought that the taste was very good, not too sweet.",18.11,"['think', 'taste', 'good', 'sweet']",Liking
Chobani Smooth,7,Nice flavor like the smooth texture very creamy.,64.86,"['nice', 'flavor', 'like', 'smooth', 'texture', 'creamy']",Liking
Chobani Smooth,7,was tasty,0,['tasty'],Liking
Chobani Smooth,3,Attractive packaging and easy open container,70.03,"['attractive', 'packaging', 'easy', 'open', 'container']",Liking
Chobani Smooth,5,I liked the creamy smoothness-thick without being pasty,42.15,"['like', 'creamy', 'smoothnessthick', 'without', 'pasty']",Liking
Chobani Smooth,8,the smoothness of the texture,0,"['smoothness', 'texture']",Liking
Chobani Smooth,6,Good fruit flavor.  Wasn't overly sweet.,10.78,"['good', 'fruit', 'flavor', 'wasnt', 'overly', 'sweet']",Liking
Chobani Smooth,8,texture is very creamy  has a nice strawberry flavor,47.03,"['texture', 'creamy', 'nice', 'strawberry', 'flavor']",Liking
Chobani Smooth,9,"Great tasting, Chunks of strawberries, smooth texture and no bad after taste.",-15.31,"['great', 'taste', 'chunk', 'strawberry', 'smooth', 'texture', 'bad', 'taste']",Liking
Chobani Smooth,8,I liked the strawberry flavor and the little tiny chunks of strawberries in it .,42.15,"['like', 'strawberry', 'flavor', 'little', 'tiny', 'chunk', 'strawberry']",Liking
Chobani Smooth,8,"Good amount of strawberry flavor, very creamy and smooth",44.04,"['good', 'amount', 'strawberry', 'flavor', 'creamy', 'smooth']",Liking
Chobani Smooth,6,"creaminess, smoothness",0,"['creaminess', 'smoothness']",Liking
Chobani Original,4,I thought it would be bigger chunks of fruit since it says fruit on the bottom. It's mainly juice and small pieces of fruit at the bottom.,0,"['thought', 'would', 'big', 'chunk', 'fruit', 'since', 'say', 'fruit', 'bottom', 'mainly', 'juice', 'small', 'piece', 'fruit', 'bottom']",Meets Expectation
Chobani Smooth,4,None,0,['none'],Meets Expectation
Chobani Original,3,I think the packaging shows everything this yogurt encompasses. I like the lettering that tell there is fruit on the bottom.,36.12,"['think', 'packaging', 'show', 'everything', 'yogurt', 'encompasses', 'like', 'letter', 'tell', 'fruit', 'bottom']",Meets Expectation
Chobani Smooth,5,"It said low fat, but didn't taste like low fat.  Was very impressed by the taste.",-7.1,"['say', 'low', 'fat', 'didnt', 'taste', 'like', 'low', 'fat', 'impress', 'taste']",Meets Expectation
Chobani Original,3,120 calories for nonfat yogurt seems like a lot.  Some of the wording was so small on the container I couldn't read it-under the pictures where it says Keep It Real.,36.12,"['120', 'calorie', 'nonfat', 'yogurt', 'seem', 'like', 'lot', 'word', 'small', 'container', 'couldnt', 'read', 'itunder', 'picture', 'say', 'keep', 'real']",Meets Expectation
Chobani Smooth,3,The content label was difficult to read and hard to find.,-44.04,"['content', 'label', 'difficult', 'read', 'hard', 'find']",Meets Expectation
Chobani Original,4,"The average price is higher than expected, by about $0.20. This packaging isn't much different than the regular Chobani yogurt, so maybe to help stand out that this product has fruit on the bottom would be helpful.",69.69,"['average', 'price', 'higher', 'expect', '020', 'packaging', 'isnt', 'much', 'different', 'regular', 'chobani', 'yogurt', 'maybe', 'help', 'stand', 'product', 'fruit', 'bottom', 'would', 'helpful']",Meets Expectation
Chobani Smooth,4,"The package said it was regular yogurt, but it tasted like greek yogurt.",50.23,"['package', 'say', 'regular', 'yogurt', 'taste', 'like', 'greek', 'yogurt']",Meets Expectation
Chobani Original,4,Try to communicate that the yogurt is Greek style but is creamy!,0,"['try', 'communicate', 'yogurt', 'greek', 'style', 'creamy']",Meets Expectation
Chobani Smooth,4,It says real fruit but found none.  It was unexpected to have less sugar with as much sweetness as it had.  I'm also surprised it has more protein.,76.84,"['say', 'real', 'fruit', 'find', 'none', 'unexpected', 'less', 'sugar', 'much', 'sweetness', 'im', 'also', 'surprise', 'protein']",Meets Expectation
Chobani Original,3,,0,['nan'],Meets Expectation
Chobani Smooth,3,It was very watery...there was too much on the label making it hard to really see what makes it different from the other yogurts on the shelf,-10.27,"['waterythere', 'much', 'label', 'make', 'hard', 'really', 'see', 'make', 'different', 'yogurt', 'shelf']",Meets Expectation
Chobani Original,3,Nothing,0,['nothing'],Meets Expectation
Chobani Smooth,5,Fruit bites were unexpected since that information was on side of container and not easy to see. I think fruit bites should be on front of container and not side so it is easily visible. It would be nice to have nutrition facts on container too.,46.92,"['fruit', 'bite', 'unexpected', 'since', 'information', 'side', 'container', 'easy', 'see', 'think', 'fruit', 'bite', 'front', 'container', 'side', 'easily', 'visible', 'would', 'nice', 'nutrition', 'fact', 'container']",Meets Expectation
Chobani Original,4,%of protein,0,['protein'],Meets Expectation
Chobani Smooth,4,"I usually eat greek yogurt, so I was surprised that it was similar in protein. The package does a good job of describing the product.",62.22,"['usually', 'eat', 'greek', 'yogurt', 'surprise', 'similar', 'protein', 'package', 'good', 'job', 'describe', 'product']",Meets Expectation
Chobani Original,5,healthful benefits of greek yogurt and calories,38.18,"['healthful', 'benefit', 'greek', 'yogurt', 'calorie']",Meets Expectation
Chobani Smooth,4,I was surprised that nowhere on the package did it say to  Stir before consuming to get the best experience!,75,"['surprise', 'nowhere', 'package', 'say', 'stir', 'consume', 'get', 'best', 'experience']",Meets Expectation
Chobani Original,3,nothing unexpected,0,"['nothing', 'unexpected']",Meets Expectation
Chobani Smooth,4,,0,['nan'],Meets Expectation
Chobani Original,3,I don't think you need to say 0% milkfat AND non fat yogurt on the front packaging. It's the same thing...,0,"['dont', 'think', 'need', 'say', '0', 'milkfat', 'non', 'fat', 'yogurt', 'front', 'packaging', 'thing']",Meets Expectation
Chobani Smooth,3,says  full of real fruit  so I expected fruit chunks,0,"['say', 'full', 'real', 'fruit', 'expect', 'fruit', 'chunk']",Meets Expectation
Chobani Original,3,"Nothing, very straight forward",-22.22,"['nothing', 'straight', 'forward']",Meets Expectation
Chobani Smooth,1,I was surprised that there wasn't an ingredient list of nutrition label on the actual cup of yogurt itself.,22.63,"['surprised', 'wasnt', 'ingredient', 'list', 'nutrition', 'label', 'actual', 'cup', 'yogurt']",Meets Expectation
Chobani Original,3,Part almost gelatin taste. Did not have enough flavor.  Why restate non fat/0% milk fat?   Made will real fruit  felt like it was conveying a higher quantity of fruit than in contain.  Preserve yourself  makes it sound like there is something artificial to preserve you by eating.,61.24,"['part', 'almost', 'gelatin', 'taste', 'enough', 'flavor', 'restate', 'non', 'fat0', 'milk', 'fat', 'make', 'real', 'fruit', 'felt', 'like', 'convey', 'high', 'quantity', 'fruit', 'contain', 'preserve', 'make', 'sound', 'like', 'something', 'artificial', 'preserve', 'eat']",Meets Expectation
Chobani Smooth,4,Did not expect the thin-ness of the yogurt or the taste to be so sweet. Would have liked nutritional value and label on package including calorie count.,84.29,"['expect', 'thinness', 'yogurt', 'taste', 'sweet', 'would', 'like', 'nutritional', 'value', 'label', 'package', 'include', 'calorie', 'count']",Meets Expectation
Chobani Original,4,Just a little sour-not sure how that would be communicated on the package.,25.51,"['little', 'sournot', 'sure', 'would', 'communicate', 'package']",Meets Expectation
Chobani Smooth,3,"No change to packaging, although I didn't know Chobani made a non-Greek yogurt. I see the packaging says classic but I had initially missed it. not sure how I would recommend to change it to increase awareness.",9.18,"['change', 'packaging', 'although', 'didnt', 'know', 'chobani', 'make', 'nongreek', 'yogurt', 'see', 'packaging', 'say', 'classic', 'initially', 'missed', 'sure', 'would', 'recommend', 'change', 'increase', 'awareness']",Meets Expectation
Chobani Original,3,Nothing really was what I expected,0,"['nothing', 'really', 'expect']",Meets Expectation
Chobani Smooth,4,"nothing. The package was very clear,     When I said I would like it thicker, I prefer yougurts that are not thin in texure, even those that are not greek.",65.9,"['nothing', 'package', 'clear', 'say', 'would', 'like', 'thicker', 'prefer', 'yougurts', 'thin', 'texure', 'even', 'greek']",Meets Expectation
Chobani Original,4,I had had this yogurt before so I knew what to expect but I paid closer attention this time and it tasted even better with a strong strawberry flavor.,85.19,"['yogurt', 'know', 'expect', 'pay', 'closer', 'attention', 'time', 'taste', 'even', 'well', 'strong', 'strawberry', 'flavor']",Meets Expectation
Chobani Smooth,3,Would like the nutrition information on containers.,36.12,"['would', 'like', 'nutrition', 'information', 'container']",Meets Expectation
Chobani Original,3,The amount of fruit at the bottom is a little misleading.  Needs to be more fruit.,-34.15,"['amount', 'fruit', 'bottom', 'little', 'misleading', 'need', 'fruit']",Meets Expectation
Chobani Smooth,4,Did not expect fruit chunks being as it is supposed to be smooth,0,"['expect', 'fruit', 'chunk', 'suppose', 'smooth']",Meets Expectation
Chobani Original,2,The word  Greek  should be bigger/bolder to stand out more and the picture of the strawberry should be smaller,0,"['word', 'greek', 'biggerbolder', 'stand', 'picture', 'strawberry', 'small']",Meets Expectation
Chobani Smooth,4,"It did not have very much strawberry flavor. If this is the intention, then maybe describe it as  strawberry kiss  or something.",42.15,"['much', 'strawberry', 'flavor', 'intention', 'maybe', 'describe', 'strawberry', 'kiss', 'something']",Meets Expectation
Chobani Original,5,"The only thing i found confusing was the outside package label, it stated  Strawberries on the bottom . This gave me the impression the yogurt would be sitting on strawberries and the consumer would have to mix them together. However, I opened the yogurt without shaking it, and the yogurt and strawberries were already mixed together with a salmon color. Therefore, this aspect of the product was misguiding.",13.26,"['thing', 'find', 'confuse', 'outside', 'package', 'label', 'state', 'strawberry', 'bottom', 'give', 'impression', 'yogurt', 'would', 'sit', 'strawberry', 'consumer', 'would', 'mix', 'together', 'however', 'open', 'yogurt', 'without', 'shake', 'yogurt', 'strawberry', 'already', 'mixed', 'together', 'salmon', 'color', 'therefore', 'aspect', 'product', 'misguiding']",Meets Expectation
Chobani Smooth,3,I was surprised that this yogurt wasn't Greek yogurt. The packaging wasn't totally clear as I associate Chobani with Greek yogurt.,-12.82,"['surprised', 'yogurt', 'wasnt', 'greek', 'yogurt', 'packaging', 'wasnt', 'totally', 'clear', 'associate', 'chobani', 'greek', 'yogurt']",Meets Expectation
Chobani Original,3,Nothing unexpected- this is a yogurt I commonly buy.,0,"['nothing', 'unexpected', 'yogurt', 'commonly', 'buy']",Meets Expectation
Chobani Smooth,4,I was surprised by the amount of creaminess and also the limited number of chunks of fruit.,7.72,"['surprised', 'amount', 'creaminess', 'also', 'limit', 'number', 'chunk', 'fruit']",Meets Expectation
Chobani Original,4,Nothing - it has all the information I need and the information is easy to find.,44.04,"['nothing', 'information', 'need', 'information', 'easy', 'find']",Meets Expectation
Chobani Smooth,4,The current package does a great job on conveying the message of the yogurt type.,62.49,"['current', 'package', 'great', 'job', 'convey', 'message', 'yogurt', 'type']",Meets Expectation
Chobani Original,4,"When I buy for myself, I usually get Chobani that is already blended. That will change after this study, because I liked the flavor of this yogurt. The fruit on the bottom wasn't too chunky. I was expecting it to be more chunky. The fruit really cut the tartness that can be too much for me with plain greek yogurt. It was overall tastier than I was expecting.",10.45,"['buy', 'usually', 'get', 'chobani', 'already', 'blend', 'change', 'study', 'like', 'flavor', 'yogurt', 'fruit', 'bottom', 'wasnt', 'chunky', 'expect', 'chunky', 'fruit', 'really', 'cut', 'tartness', 'much', 'plain', 'greek', 'yogurt', 'overall', 'tastier', 'expect']",Meets Expectation
Chobani Smooth,4,"Smooth on the label made me think the consistency would be a bit thicker and creamier, but was still good!",63,"['smooth', 'label', 'make', 'think', 'consistency', 'would', 'bite', 'thicker', 'creamy', 'still', 'good']",Meets Expectation
Chobani Original,3,,0,['nan'],Meets Expectation
Chobani Smooth,4,"This yogurt was smoother and creamier than I expected, packaging is representing of the product.",0,"['yogurt', 'smoother', 'creamier', 'expect', 'packaging', 'represent', 'product']",Meets Expectation
Chobani Original,3,"NOTHING, I THINK THE PACKAGING SUITS THE PRODUCT.",0,"['nothing', 'think', 'package', 'suit', 'product']",Meets Expectation
Chobani Smooth,1,"I thought there would be pieces of fruit in there,,even though it said smoothe,,it did not have very much fruit taste, I think I would change the packaging to say  FLAVORED  with fruit",0,"['thought', 'would', 'piece', 'fruit', 'thereeven', 'though', 'say', 'smootheit', 'much', 'fruit', 'taste', 'think', 'would', 'change', 'package', 'say', 'flavor', 'fruit']",Meets Expectation
Chobani Original,3,Nothing,0,['nothing'],Meets Expectation
Chobani Smooth,5,nothing,0,['nothing'],Meets Expectation
Chobani Original,4,Emphasize the  non-fat  and  profits better the world,70.03,"['emphasize', 'nonfat', 'profit', 'well', 'world']",Meets Expectation
Chobani Smooth,4,"The package says pure milk and real fruit so I was expecting some fruit pieces.    I usually consider  blended  to mean no fruit pieces so even though this one said  smooth,  I thought there would be bits of the real fruit mentioned on the package.    Otherwise, I thought the package described the yogurt very well.",4.98,"['package', 'say', 'pure', 'milk', 'real', 'fruit', 'expect', 'fruit', 'piece', 'usually', 'consider', 'blended', 'mean', 'fruit', 'piece', 'even', 'though', 'one', 'say', 'smooth', 'thought', 'would', 'bits', 'real', 'fruit', 'mention', 'package', 'otherwise', 'thought', 'package', 'describe', 'yogurt', 'well']",Meets Expectation
Chobani Original,2,The large fresh-looking strawberries on the packaging are a bit misleading as it looks like you're going to experience a fresher fruit jam than what was actually in there.,-5.16,"['large', 'freshlooking', 'strawberry', 'package', 'bit', 'misleading', 'look', 'like', 'youre', 'go', 'experience', 'fresher', 'fruit', 'jam', 'actually']",Meets Expectation
Chobani Smooth,4,"Nothing unexpected, but I think it was wise to have  classic  underlined as at first glance I thought it was greek yogurt..but I assume in a food aisle it may be differentiated by location and that it would be understood.",63.1,"['nothing', 'unexpected', 'think', 'wise', 'classic', 'underline', 'first', 'glance', 'think', 'greek', 'yogurtbut', 'assume', 'food', 'aisle', 'may', 'differentiate', 'location', 'would', 'understand']",Meets Expectation
Chobani Original,4,nothing,0,['nothing'],Meets Expectation
Chobani Smooth,5,no big chunks of fruit was unexpected.  the packaging should say  non-Greek  as Chobani is associated with Greek style yogurt,-29.6,"['big', 'chunk', 'fruit', 'unexpected', 'packaging', 'say', 'nongreek', 'chobani', 'associate', 'greek', 'style', 'yogurt']",Meets Expectation
Chobani Original,4,"The consistency was smooth even while the yogurt itself was more substantial.  That was very pleasing. If I'm going to consume something that represents between 5 and 10% of my daily caloric intake, I would like it to feel substantial/filling.",80.67,"['consistency', 'smooth', 'even', 'yogurt', 'substantial', 'please', 'im', 'go', 'consume', 'something', 'represent', '5', '10', 'daily', 'caloric', 'intake', 'would', 'like', 'feel', 'substantialfilling']",Meets Expectation
Chobani Smooth,3,No calories or nutrition information on the package which I look at right away,-29.6,"['calorie', 'nutrition', 'information', 'package', 'look', 'right', 'away']",Meets Expectation
Chobani Original,3,just how long it took to mix the fruit in,0,"['long', 'take', 'mix', 'fruit']",Meets Expectation
Chobani Smooth,5,It had better flavor than I thought it would.,44.04,"['well', 'flavor', 'thought', 'would']",Meets Expectation
Chobani Original,3,nothing,0,['nothing'],Meets Expectation
Chobani Smooth,5,"Well because it's Chobani, I assume it to be a greek yogurt and so because it's not thick like greek yogurt, it throws me off. I would also like to know how the sugar is being reduced. Is it a sugar substitute? I see the package says all natural and non gmo but I'd still like to see the ingredients. The package also says real fruit, so I'd like to see some fruit in it.",-62.98,"['well', 'chobani', 'assume', 'greek', 'yogurt', 'thick', 'like', 'greek', 'yogurt', 'throw', 'would', 'also', 'like', 'know', 'sugar', 'reduce', 'sugar', 'substitute', 'see', 'package', 'say', 'natural', 'non', 'gmo', 'id', 'still', 'like', 'see', 'ingredient', 'package', 'also', 'say', 'real', 'fruit', 'id', 'like', 'see', 'fruit']",Meets Expectation
Chobani Original,3,No aftertaste that usually accompanies a lot of Greek yogurt,-29.6,"['aftertaste', 'usually', 'accompany', 'lot', 'greek', 'yogurt']",Meets Expectation
Chobani Smooth,4,"it tastes more greek (concentrated, thicker) than I expected. I was assuming it would be more french (yoplait - thiner) style",0,"['taste', 'greek', 'concentrate', 'thicker', 'expect', 'assume', 'would', 'french', 'yoplait', 'thiner', 'style']",Meets Expectation
Chobani Original,3,Less yogurt same size container is in reality false advertising. It makes me wonder if your quality has downsized as well.,27.32,"['less', 'yogurt', 'size', 'container', 'reality', 'false', 'advertising', 'make', 'wonder', 'quality', 'downsize', 'well']",Meets Expectation
Chobani Smooth,4,I like the product's package. Excepted it seemed like the product was only half full. I also like less strawberry pieces.,75.79,"['like', 'product', 'package', 'except', 'seem', 'like', 'product', 'half', 'full', 'also', 'like', 'less', 'strawberry', 'piece']",Meets Expectation
Chobani Original,3,Nothing,0,['nothing'],Meets Expectation
Chobani Smooth,4,"Looks a bit  like a generic brand design, 2x protein and less sugar was a nice surprise and non GMO is a great plus",88.17,"['look', 'bit', 'like', 'generic', 'brand', 'design', '2x', 'protein', 'less', 'sugar', 'nice', 'surprise', 'non', 'gmo', 'great', 'plus']",Meets Expectation
Chobani Original,4,Nothing,0,['nothing'],Meets Expectation
Chobani Smooth,2,This product was neither smooth nor mild as the container label states.,0,"['product', 'neither', 'smooth', 'mild', 'container', 'label', 'state']",Meets Expectation
Chobani Original,4,I din't think I would like the taste very much but I did.,-14.19,"['dint', 'think', 'would', 'like', 'taste', 'much']",Meets Expectation
Chobani Smooth,3,"Having eaten quite a bit of Chobani Greek Yogurt in the past, I was not expecting it to be so smooth (even though the package expressly stated it was smooth, like classic yogurt).",36.12,"['eaten', 'quite', 'bit', 'chobani', 'greek', 'yogurt', 'past', 'expect', 'smooth', 'even', 'though', 'package', 'expressly', 'state', 'smooth', 'like', 'classic', 'yogurt']",Meets Expectation
Chobani Original,3,,0,['nan'],Meets Expectation
Chobani Smooth,3,I thought it would be thicker.,0,"['thought', 'would', 'thicker']",Meets Expectation
Chobani Original,5,Mix before eating fruit on the bottom.,0,"['mix', 'eat', 'fruit', 'bottom']",Meets Expectation
Chobani Smooth,1,I thought it would be sweeter,0,"['thought', 'would', 'sweeter']",Meets Expectation
Chobani Original,3,little thinner than other greek yogurt,0,"['little', 'thinner', 'greek', 'yogurt']",Meets Expectation
Chobani Smooth,4,The tangyness was unexpected in a good way.  Package itself set my expectations of what was inside.,44.04,"['tangyness', 'unexpected', 'good', 'way', 'package', 'set', 'expectation', 'inside']",Meets Expectation
Chobani Original,4,"I didn't realize that this was a non-GMO product.  I don't think that I've heard that evaporated cane sugar was an ingredient.  I appreciate that the slogan was punctuated correctly, with the period inside of the quotation marks:  We believe fruit should come in pieces, not  flavors.",40.19,"['didnt', 'realize', 'nongmo', 'product', 'dont', 'think', 'ive', 'heard', 'evaporate', 'cane', 'sugar', 'ingredient', 'appreciate', 'slogan', 'punctuate', 'correctly', 'period', 'inside', 'quotation', 'mark', 'believe', 'fruit', 'come', 'piece', 'flavor']",Meets Expectation
Chobani Smooth,3,I think it does a good job representing itself. It is much smoother than what i usually purchase. I like how big a it states  Smooth  on it.,65.97,"['think', 'good', 'job', 'represent', 'much', 'smoother', 'usually', 'purchase', 'like', 'big', 'state', 'smooth']",Meets Expectation
Chobani Original,5,I did not find anything unexpected.,0,"['find', 'anything', 'unexpected']",Meets Expectation
Chobani Smooth,1,The over-powering taste of sour milk.  I really could not get past that.,0,"['overpower', 'taste', 'sour', 'milk', 'really', 'could', 'get', 'past']",Meets Expectation
Chobani Original,3,Like the picture of the strawberry. It tells me what is inside.,36.12,"['like', 'picture', 'strawberry', 'tell', 'inside']",Meets Expectation
Chobani Smooth,4,"I was somewhat expecting pieces of fruit in it, even if just small pieces.",0,"['somewhat', 'expect', 'piece', 'fruit', 'even', 'small', 'piece']",Meets Expectation
Chobani Original,4,I think maybe the sugar content.  Also when you first open the container the separation is not very appealing,0,"['think', 'maybe', 'sugar', 'content', 'also', 'first', 'open', 'container', 'separation', 'appeal']",Meets Expectation
Chobani Smooth,4,That it contained 2X the protein.,0,"['contain', '2x', 'protein']",Meets Expectation
Chobani Original,4,"I am impressed with the 15% Calcium, great taste and 0% milk fat!",81.72,"['impressed', '15', 'calcium', 'great', 'taste', '0', 'milk', 'fat']",Meets Expectation
Chobani Smooth,5,The yogurt does not have an aftertaste which is often common with lowfat products.  The packaging should show the word  lowfat  better as that may make a difference to many.,44.04,"['yogurt', 'aftertaste', 'often', 'common', 'lowfat', 'product', 'package', 'show', 'word', 'lowfat', 'well', 'may', 'make', 'difference', 'many']",Meets Expectation
Chobani Original,3,I think the package did a good job of representing the yogurt.,44.04,"['think', 'package', 'good', 'job', 'represent', 'yogurt']",Meets Expectation
Chobani Smooth,5,The packaging represents the product well.  What I found unexpected was the sweetness.  It had a good fruit flavor that wasn't overpowered by sugar taste.,80.2,"['packaging', 'represent', 'product', 'well', 'found', 'unexpected', 'sweetness', 'good', 'fruit', 'flavor', 'wasnt', 'overpower', 'sugar', 'taste']",Meets Expectation
Chobani Original,3,Unexpected was the amoun the small amount of yougart in the actual container. I would change nothing on the packaging.,0,"['unexpected', 'amoun', 'small', 'amount', 'yougart', 'actual', 'container', 'would', 'change', 'nothing', 'packaging']",Meets Expectation
Chobani Smooth,4,How smooth the yogurt was.,0,"['smooth', 'yogurt']",Meets Expectation
Chobani Original,4,Nothing unexpected. I like all the info on the packaging,-27.55,"['nothing', 'unexpected', 'like', 'info', 'packaging']",Meets Expectation
Chobani Smooth,4,Real chunks of strawberries.,0,"['real', 'chunk', 'strawberry']",Meets Expectation
Chobani Original,5,The flavor was better than I remember Chobani tasting in the past.,44.04,"['flavor', 'well', 'remember', 'chobani', 'taste', 'past']",Meets Expectation
Chobani Smooth,5,I did not expect this great flavor. It really stood out. The package was really hard to read on the ingredients and nutrition label. The res with the white writing was really hard to see.,54.06,"['expect', 'great', 'flavor', 'really', 'stood', 'package', 'really', 'hard', 'read', 'ingredient', 'nutrition', 'label', 'res', 'white', 'write', 'really', 'hard', 'see']",Meets Expectation
Chobani Original,4,I would change the price.  It seems too high for just one.,0,"['would', 'change', 'price', 'seem', 'high', 'one']",Meets Expectation
Chobani Smooth,4,I like how the yogurt inside is presented on the outside package.,36.12,"['like', 'yogurt', 'inside', 'present', 'outside', 'package']",Meets Expectation
Chobani Original,4,Nothing. i think the package describes the product very well.,33.84,"['nothing', 'think', 'package', 'describes', 'product', 'well']",Meets Expectation
Chobani Smooth,3,Nothing.,0,['nothing'],Meets Expectation
Chobani Original,5,I thought that the fruit at the bottom might have a bad taste or texture so I was apprehensive at first.  But it wastn at all,-30.71,"['think', 'fruit', 'bottom', 'might', 'bad', 'taste', 'texture', 'apprehensive', 'first', 'wastn']",Meets Expectation
Chobani Smooth,5,SO smooth and creamy,0,"['smooth', 'creamy']",Meets Expectation
Chobani Original,3,Everything is what I expected,0,"['everything', 'expect']",Meets Expectation
Chobani Smooth,4,the labeling was ok,29.6,"['label', 'ok']",Meets Expectation
Chobani Original,2,Make the strawberry flavor better and add more to the bottom of the cup.,44.04,"['make', 'strawberry', 'flavor', 'well', 'add', 'bottom', 'cup']",Meets Expectation
Chobani Smooth,5,,0,['nan'],Meets Expectation
Chobani Original,3,,0,['nan'],Meets Expectation
Chobani Smooth,3,sweeter than expected,0,"['sweeter', 'expect']",Meets Expectation
Chobani Original,3,,0,['nan'],Meets Expectation
Chobani Smooth,3,I thought it would have a thicker texture.,0,"['thought', 'would', 'thicker', 'texture']",Meets Expectation
Chobani Original,3,Packaging seemed fine.,20.23,"['packaging', 'seem', 'fine']",Meets Expectation
Chobani Smooth,2,The packaging looked so cheap. It looked exactly like anything Target brand and you can barely see the Chobani logo. I would not pick out this yogurt in stores because I would probably walk by it and think it was Target starting a yogurt.,36.12,"['packaging', 'look', 'cheap', 'look', 'exactly', 'like', 'anything', 'target', 'brand', 'barely', 'see', 'chobani', 'logo', 'would', 'pick', 'yogurt', 'store', 'would', 'probably', 'walk', 'think', 'target', 'start', 'yogurt']",Meets Expectation
Chobani Original,5,Sweetness-sweeter than expected.,0,"['sweetnesssweeter', 'expect']",Meets Expectation
Chobani Smooth,5,.,0,[],Meets Expectation
Chobani Original,3,The package seems pretty clear - it was expected.,70.03,"['package', 'seem', 'pretty', 'clear', 'expect']",Meets Expectation
Chobani Smooth,4,the taste flavor of the fruit,0,"['taste', 'flavor', 'fruit']",Meets Expectation
Chobani Original,4,I didn't realize how much protein was in the product. That's a good thing and should stand out more on the package.,44.04,"['didnt', 'realize', 'much', 'protein', 'product', 'thats', 'good', 'thing', 'stand', 'package']",Meets Expectation
Chobani Smooth,4,"Smoother, thick yogurt, with great flavor.",62.49,"['smoother', 'thick', 'yogurt', 'great', 'flavor']",Meets Expectation
Chobani Original,2,NOT AS FRUITY AS I WOULD HAVE LIKED,42.15,"['fruity', 'would', 'like']",Meets Expectation
Chobani Smooth,5,"I like that the packaging is colorful and playful and has all the information on it.  However the word  classic  doesn't resonate with me.  I've seen this before where companies use  original  or  classic  and if I wasn't a user with their original recipe, then I don't care.  Perhaps,  natural  would be a good option.  Or maybe a coined term can be made.   greek-like.   While I do like that the packaging is colorful, it doesn't match the almost white product inside, but I think that's OK.  If I saw someone holding that bright red container, I would want to know what they are eating.  And as mentioned above I like the product as is.",95,"['like', 'package', 'colorful', 'playful', 'information', 'however', 'word', 'classic', 'doesnt', 'resonate', 'ive', 'see', 'company', 'use', 'original', 'classic', 'wasnt', 'user', 'original', 'recipe', 'dont', 'care', 'perhaps', 'natural', 'would', 'good', 'option', 'maybe', 'coin', 'term', 'make', 'greeklike', 'like', 'package', 'colorful', 'doesnt', 'match', 'almost', 'white', 'product', 'inside', 'think', 'thats', 'ok', 'saw', 'someone', 'hold', 'bright', 'red', 'container', 'would', 'want', 'know', 'eat', 'mention', 'like', 'product']",Meets Expectation
Chobani Smooth,2,Very fake flavor taste - almost chemical.,-52.56,"['fake', 'flavor', 'taste', 'almost', 'chemical']",Meets Expectation
Chobani Smooth,5,The flavor was unexpected,0,"['flavor', 'unexpected']",Meets Expectation
Chobani Smooth,3,Was very filling  Replace word Smooth on top of package with low fat classic yogurt - make low fat more visible,-34,"['fill', 'replace', 'word', 'smooth', 'top', 'package', 'low', 'fat', 'classic', 'yogurt', 'make', 'low', 'fat', 'visible']",Meets Expectation
Chobani Smooth,3,.,0,[],Meets Expectation
Chobani Smooth,3,Nothing wrong with the packaging.,37.24,"['nothing', 'wrong', 'packaging']",Meets Expectation
Chobani Smooth,3,No nutrition label,-29.6,"['nutrition', 'label']",Meets Expectation
Chobani Smooth,3,needs more real fruit,0,"['need', 'real', 'fruit']",Meets Expectation
Chobani Smooth,4,nothing,0,['nothing'],Meets Expectation
Chobani Smooth,4,It is low-fat but taste like regular yogurt.,50.23,"['lowfat', 'taste', 'like', 'regular', 'yogurt']",Meets Expectation
Chobani Smooth,2,Not very much flavor and is a little too runny.,0,"['much', 'flavor', 'little', 'runny']",Meets Expectation
Chobani Smooth,5,add nutrition information,0,"['add', 'nutrition', 'information']",Meets Expectation
Chobani Smooth,2,"It was not sweet enough.  I guess the package said less sugar, but I didn't realize it would impact the taste that much.",-18.77,"['sweet', 'enough', 'guess', 'package', 'say', 'less', 'sugar', 'didnt', 'realize', 'would', 'impact', 'taste', 'much']",Meets Expectation
Chobani Smooth,4,Something to make you more aware that it isn't greek yogurt.,0,"['something', 'make', 'aware', 'isnt', 'greek', 'yogurt']",Meets Expectation
Chobani Smooth,5,The package could say something like  not like other yogurts it's smooth .,61.24,"['package', 'could', 'say', 'something', 'like', 'like', 'yogurt', 'smooth']",Meets Expectation
Chobani Smooth,4,The look of the consistency of the yogurt.,0,"['look', 'consistency', 'yogurt']",Meets Expectation
Chobani Smooth,4,"the tartness, in a way  classic  probably conveys this but not outright.",0,"['tartness', 'way', 'classic', 'probably', 'conveys', 'outright']",Meets Expectation
Chobani Smooth,3,,0,['nan'],Meets Expectation
Chobani Smooth,5,how smooth the yogurt was,0,"['smooth', 'yogurt']",Meets Expectation
Chobani Smooth,3,na,0,['na'],Meets Expectation
Chobani Smooth,3,na,0,['na'],Meets Expectation
Chobani Smooth,5,nothing,0,['nothing'],Meets Expectation
Chobani Smooth,5,At first I thought it would be very plain because it was a low fat and because the design reminded me of Greek yogurt,-27.32,"['first', 'think', 'would', 'plain', 'low', 'fat', 'design', 'remind', 'greek', 'yogurt']",Meets Expectation
Chobani Smooth,4,nothing,0,['nothing'],Meets Expectation
Chobani Smooth,4,I liked it a little more than I thought I would.,42.15,"['like', 'little', 'thought', 'would']",Meets Expectation
Chobani Smooth,5,Not sour or tart.    Rich flavor.,55.74,"['sour', 'tart', 'rich', 'flavor']",Meets Expectation
Chobani Smooth,4,It was very smooth and creamy.,0,"['smooth', 'creamy']",Meets Expectation
Chobani Smooth,2,"I think I thought it would have more of a standard yogurt taste even tho it was made by Chobani. I don't mind greek yogurt but if a person did not like it, they might be disappointed in the flavor.",-77.92,"['think', 'think', 'would', 'standard', 'yogurt', 'taste', 'even', 'tho', 'make', 'chobani', 'dont', 'mind', 'greek', 'yogurt', 'person', 'like', 'might', 'disappoint', 'flavor']",Meets Expectation
Chobani Smooth,5,Had a good taste for a less sugar product.,44.04,"['good', 'taste', 'less', 'sugar', 'product']",Meets Expectation
Chobani Smooth,3,Because of the name I expected it to be really smooth and have a good texture and it really didn't.,44.04,"['name', 'expect', 'really', 'smooth', 'good', 'texture', 'really', 'didnt']",Meets Expectation
Chobani Smooth,2,"The package said  classic yogurt  but doesn't taste like classic yogurt to me at all (which I would consider Yoplait, Dannon, etc).",-39.5,"['package', 'say', 'classic', 'yogurt', 'doesnt', 'taste', 'like', 'classic', 'yogurt', 'would', 'consider', 'yoplait', 'dannon', 'etc']",Meets Expectation
Chobani Smooth,3,I thought the packaging was very appealing.,0,"['think', 'packaging', 'appeal']",Meets Expectation
Chobani Smooth,3,include greek yougurt on label info.,0,"['include', 'greek', 'yougurt', 'label', 'info']",Meets Expectation
Chobani Smooth,4,"I thought the packaging was good.  I would have liked to have seen the ingredients listed.  If it was on the cover, I tossed it.",69.08,"['think', 'packaging', 'good', 'would', 'like', 'see', 'ingredient', 'list', 'cover', 'toss']",Meets Expectation
Chobani Smooth,4,That it was regular yogurt and not Greek yogurt,0,"['regular', 'yogurt', 'greek', 'yogurt']",Meets Expectation
Chobani Smooth,3,"The package should say SMOOTH AND THICK, not classic smooth.",0,"['package', 'say', 'smooth', 'thick', 'classic', 'smooth']",Meets Expectation
Chobani Smooth,1,"The container being 1/2 full was the first surprise, the second surprise was the fact that the yogurt was gray in color.  Adding more strawberries would make it more pink.  Don't use food coloring.  I added a couple strawberries and suddenly it was pink.",49.39,"['container', '12', 'full', 'first', 'surprise', 'second', 'surprise', 'fact', 'yogurt', 'gray', 'color', 'add', 'strawberry', 'would', 'make', 'pink', 'dont', 'use', 'food', 'coloring', 'add', 'couple', 'strawberry', 'suddenly', 'pink']",Meets Expectation
Chobani Smooth,2,There was nothing unexpected.  I might add a little more sweetner as it was a bit tart.,0,"['nothing', 'unexpected', 'might', 'add', 'little', 'sweetner', 'bit', 'tart']",Meets Expectation
Chobani Smooth,3,too much red on outside of container,0,"['much', 'red', 'outside', 'container']",Meets Expectation
Chobani Smooth,3,no changes,-29.6,['change'],Meets Expectation
Chobani Smooth,5,"The smooth and creamy is right on! The packaging is truthful, no change needed.",27.14,"['smooth', 'creamy', 'right', 'package', 'truthful', 'change', 'need']",Meets Expectation
Chobani Smooth,3,I wouldn't change anything with the packaging,0,"['wouldnt', 'change', 'anything', 'packaging']",Meets Expectation
Chobani Smooth,3,"Packaging stated  full of Real Fruit , none visible. I was also surprised to see that the package contained 2 servings. This seems misleading as this would likely be eaten all at once.",-20.23,"['packaging', 'state', 'full', 'real', 'fruit', 'none', 'visible', 'also', 'surprise', 'see', 'package', 'contain', '2', 'serving', 'seem', 'mislead', 'would', 'likely', 'eat']",Meets Expectation
Chobani Smooth,4,The flavor was quite good for being a low fat product,27.16,"['flavor', 'quite', 'good', 'low', 'fat', 'product']",Meets Expectation
Chobani Smooth,3,a little thin for yogurt,0,"['little', 'thin', 'yogurt']",Meets Expectation
Chobani Smooth,2,The flavor was very sour tasting,0,"['flavor', 'sour', 'tasting']",Meets Expectation
Chobani Smooth,3,I expected it to be tart and it wasn't at all,0,"['expect', 'tart', 'wasnt']",Meets Expectation
Chobani Smooth,4,good packaging,44.04,"['good', 'packaging']",Meets Expectation
Chobani Smooth,3,I wouldn't change anything on the packaging.,0,"['wouldnt', 'change', 'anything', 'packaging']",Meets Expectation
Chobani Smooth,4,I thought there would be chunks of strawberries in it,0,"['thought', 'would', 'chunk', 'strawberry']",Meets Expectation
Chobani Smooth,5,Flavor.  Much better than I expected it to taste.  The packaging is nice and bright colored.,82.25,"['flavor', 'much', 'well', 'expect', 'taste', 'packaging', 'nice', 'bright', 'color']",Meets Expectation
Chobani Smooth,3,"I thought the packaging was very good , honest and represented exactly what was inside.",77.64,"['think', 'package', 'good', 'honest', 'represent', 'exactly', 'inside']",Meets Expectation
Chobani Smooth,5,I was expecting it to taste more like greek yogurt because of the container but it tasted like regular yogurt which I prefer.,67.94,"['expect', 'taste', 'like', 'greek', 'yogurt', 'container', 'taste', 'like', 'regular', 'yogurt', 'prefer']",Meets Expectation
Chobani Smooth,3,not much fruit in it,0,"['much', 'fruit']",Meets Expectation
Chobani Original,,Thicker,0,['thicker'],Product Improvement
Chobani Smooth,,Could use a little extra flavor,0,"['could', 'use', 'little', 'extra', 'flavor']",Product Improvement
Chobani Original,,I really enjoy this yogurt. I would keep it the same.,54.13,"['really', 'enjoy', 'yogurt', 'would', 'keep']",Product Improvement
Chobani Smooth,,Larger container and more varieties,0,"['large', 'container', 'variety']",Product Improvement
Chobani Original,,I'm not a real fan of the fruit that u stir into the product.  When I tore off the cover the top of the product was a bit watery and looked a little separated.,-4.18,"['im', 'real', 'fan', 'fruit', 'u', 'stir', 'product', 'tore', 'cover', 'top', 'product', 'bit', 'watery', 'look', 'little', 'separated']",Product Improvement
Chobani Smooth,,It was TOO sweet! Way too sweet. I would not buy this because of the 19 grams of sugar. I feel as though the protein content should meet or exceed the amount of sugar in a container of yogurt.,74.24,"['sweet', 'way', 'sweet', 'would', 'buy', '19', 'gram', 'sugar', 'feel', 'though', 'protein', 'content', 'meet', 'exceed', 'amount', 'sugar', 'container', 'yogurt']",Product Improvement
Chobani Original,,I would prefer slightly more fruit.,0,"['would', 'prefer', 'slightly', 'fruit']",Product Improvement
Chobani Smooth,,"It was very watery. When I opened the lid, water splashed out. Even when I mixed it together, it was very runny.",0,"['watery', 'open', 'lid', 'water', 'splash', 'even', 'mixed', 'together', 'runny']",Product Improvement
Chobani Original,,Eliminate or at least reduce the added cane sugar.,0,"['eliminate', 'least', 'reduce', 'added', 'cane', 'sugar']",Product Improvement
Chobani Smooth,,I would like it to be a little thicker.  It should also have more/larger fruit pieces since the packaging says  real fruit .  I didn't have much fruit in my sample.,36.12,"['would', 'like', 'little', 'thicker', 'also', 'morelarger', 'fruit', 'piece', 'since', 'packaging', 'say', 'real', 'fruit', 'didnt', 'much', 'fruit', 'sample']",Product Improvement
Chobani Original,,nothing comes to mind,0,"['nothing', 'come', 'mind']",Product Improvement
Chobani Smooth,,"I would make it thicker, it was too watery",0,"['would', 'make', 'thicker', 'watery']",Product Improvement
Chobani Original,,It's almost too tart/yogurty tasting. I woudl prefer not to have to mix the yogurt. The first view of the product is somewhat unpleasant as it's watery and chunky.,-42.28,"['almost', 'tartyogurty', 'taste', 'woudl', 'prefer', 'mix', 'yogurt', 'first', 'view', 'product', 'somewhat', 'unpleasant', 'watery', 'chunky']",Product Improvement
Chobani Smooth,,Subtract bits of fruit from product since I don't feel there were that many fruit bites anyways. Make less sweet. Place nutrition facts on container.,40.33,"['subtract', 'bit', 'fruit', 'product', 'since', 'dont', 'feel', 'many', 'fruit', 'bite', 'anyways', 'make', 'less', 'sweet', 'place', 'nutrition', 'fact', 'container']",Product Improvement
Chobani Original,,Color - brighter pink  Sweeter,38.18,"['color', 'brighter', 'pink', 'sweeter']",Product Improvement
Chobani Smooth,,"Nothing. I like that it's lower in sugar than other yogurts, and that it has more protein.",-51.22,"['nothing', 'like', 'low', 'sugar', 'yogurt', 'protein']",Product Improvement
Chobani Original,,it was perfect,57.19,['perfect'],Product Improvement
Chobani Smooth,,It needed mixing to get all of the products to be distributed evenly.,0,"['need', 'mix', 'get', 'product', 'distribute', 'evenly']",Product Improvement
Chobani Original,,would love to see sugars at 12 grams,63.69,"['would', 'love', 'see', 'sugar', '12', 'gram']",Product Improvement
Chobani Smooth,,More protein.,0,['protein'],Product Improvement
Chobani Original,,I personally didn't think that the product was very pleasant to look at upon stirring. I just didn't think that the fruit looked fresh and tasty.,70.89,"['personally', 'didnt', 'think', 'product', 'pleasant', 'look', 'upon', 'stir', 'didnt', 'think', 'fruit', 'look', 'fresh', 'tasty']",Product Improvement
Chobani Smooth,,"more viscous, less runny",0,"['viscous', 'less', 'runny']",Product Improvement
Chobani Original,,More strawberry chunks,0,"['strawberry', 'chunk']",Product Improvement
Chobani Smooth,,It's too sour.  It's too thin and runny. It reminds me a little of one of those drinkable yogurts for small children.,0,"['sour', 'thin', 'runny', 'remind', 'little', 'one', 'drinkable', 'yogurt', 'small', 'child']",Product Improvement
Chobani Original,,Strawberry pieces seemed limp/overly ripe-mushy texture. Hard to tell yogurt was strawberry flavor-almost a gelatin taste.,-10.27,"['strawberry', 'piece', 'seem', 'limpoverly', 'ripemushy', 'texture', 'hard', 'tell', 'yogurt', 'strawberry', 'flavoralmost', 'gelatin', 'taste']",Product Improvement
Chobani Smooth,,Make it not so sweet! Add more fruit.,-52.88,"['make', 'sweet', 'add', 'fruit']",Product Improvement
Chobani Original,,It is a little sour tasting.,0,"['little', 'sour', 'tasting']",Product Improvement
Chobani Smooth,,"There was a slight tanginess or bitterness before the sweet finish. It's not that it needs more sweetness, but there is a noticeable tang to it.",33.92,"['slight', 'tanginess', 'bitterness', 'sweet', 'finish', 'need', 'sweetness', 'noticeable', 'tang']",Product Improvement
Chobani Original,,"less amount of strawberries to mix in, seeds bothered me a little",-31.82,"['less', 'amount', 'strawberry', 'mix', 'seed', 'bother', 'little']",Product Improvement
Chobani Smooth,,a little thicker,0,"['little', 'thicker']",Product Improvement
Chobani Original,,Have the size of the container fit the amount of yogurt so either make the cup smaller or put more yogurt in the cup.,36.12,"['size', 'container', 'fit', 'amount', 'yogurt', 'either', 'make', 'cup', 'small', 'put', 'yogurt', 'cup']",Product Improvement
Chobani Smooth,,Make more filling. I would have had to eat both to feel like I was half full.,36.12,"['make', 'filling', 'would', 'eat', 'feel', 'like', 'half', 'full']",Product Improvement
Chobani Original,,"A little sweeter,  More strawberry chunks at the bottom of the cup.",0,"['little', 'sweeter', 'strawberry', 'chunk', 'bottom', 'cup']",Product Improvement
Chobani Smooth,,"There were a few small fruit chunks that I did not like, especially because it is being marketed as smooth",-27.55,"['small', 'fruit', 'chunk', 'like', 'especially', 'market', 'smooth']",Product Improvement
Chobani Original,,I would change the texture of the strawberries. It was too  jellied  and felt/tasted fake and artificial,-47.67,"['would', 'change', 'texture', 'strawberry', 'jelly', 'felttasted', 'fake', 'artificial']",Product Improvement
Chobani Smooth,,Increase strawberry flavor a little.,31.82,"['increase', 'strawberry', 'flavor', 'little']",Product Improvement
Chobani Original,,"Like above I would prefer a slightly bit smoother yogurt, but this would not prevent me from buying this in the future. This was a great product!",82.16,"['like', 'would', 'prefer', 'slightly', 'bit', 'smooth', 'yogurt', 'would', 'prevent', 'buying', 'future', 'great', 'product']",Product Improvement
Chobani Smooth,,I'm not sure that I would change anything. I would like it better if it were Greek.,53.27,"['im', 'sure', 'would', 'change', 'anything', 'would', 'like', 'good', 'greek']",Product Improvement
Chobani Original,,It would be nice to have more strawberry pieces.,42.15,"['would', 'nice', 'strawberry', 'piece']",Product Improvement
Chobani Smooth,,I would like to see more pieces of fruit in the yogurt. It seemed sort of skimpy on number of fruit pieces.,42.15,"['would', 'like', 'see', 'piece', 'fruit', 'yogurt', 'seem', 'sort', 'skimpy', 'number', 'fruit', 'piece']",Product Improvement
Chobani Original,,Would rather have the strawberry mixed into the yogurt (no fruit on the bottom).  I don't like the big strawberry pieces in the fruit on the bottom - not firm and fresh tasting.,-47.17,"['would', 'rather', 'strawberry', 'mixed', 'yogurt', 'fruit', 'bottom', 'dont', 'like', 'big', 'strawberry', 'piece', 'fruit', 'bottom', 'firm', 'fresh', 'taste']",Product Improvement
Chobani Smooth,,I would love to see  fruit chunks  added as this would help to bring out the flavor and enhance it even more.,78.45,"['would', 'love', 'see', 'fruit', 'chunk', 'add', 'would', 'help', 'bring', 'flavor', 'enhance', 'even']",Product Improvement
Chobani Original,,I didn't love the chunks. I like the fruit on the bottom to be smooth. It had quite a bit of sugar....15g per serving is more than I would like.,16.11,"['didnt', 'love', 'chunk', 'like', 'fruit', 'bottom', 'smooth', 'quite', 'bit', 'sugar15g', 'per', 'serve', 'would', 'like']",Product Improvement
Chobani Smooth,,"A little runny, maybe a bit thicker, more fruit chunks",0,"['little', 'runny', 'maybe', 'bit', 'thick', 'fruit', 'chunk']",Product Improvement
Chobani Original,,Consistency of the strawberry at the bottom might have been a little too thick.,0,"['consistency', 'strawberry', 'bottom', 'might', 'little', 'thick']",Product Improvement
Chobani Smooth,,"I would have enjoyed more fruit chunks in the yogurt, but everything else about it I liked.",70.5,"['would', 'enjoy', 'fruit', 'chunk', 'yogurt', 'everything', 'else', 'like']",Product Improvement
Chobani Original,,THERE CAN ALWAYS BE MORE FRUIT.,0,"['always', 'fruit']",Product Improvement
Chobani Smooth,,Has an aftertaste and needs more fruit mixed in.,0,"['aftertaste', 'need', 'fruit', 'mixed']",Product Improvement
Chobani Original,,"Have pre-stirred, mixing fruit pieces with yogurt.",0,"['prestirred', 'mix', 'fruit', 'piece', 'yogurt']",Product Improvement
Chobani Smooth,,Nothing,0,['nothing'],Product Improvement
Chobani Original,,More real fruit,0,"['real', 'fruit']",Product Improvement
Chobani Smooth,,I would like a little bit more fruit flavor and pieces of fruit.,36.12,"['would', 'like', 'little', 'bit', 'fruit', 'flavor', 'piece', 'fruit']",Product Improvement
Chobani Original,,"I tend to not like  fruit on the bottom  yogurts and this yogurt did not sway me to like it better. I wish there was a way for yogurt makers to have more of a fresh fruit, or even a fresher seeming  jam  in their yogurts but probably that wouldn't keep well enough. In any case, I didn't care for the strawberry jam that was added, or at least not enough to make me want to purchase it.",-40.86,"['tend', 'like', 'fruit', 'bottom', 'yogurt', 'yogurt', 'sway', 'like', 'good', 'wish', 'way', 'yogurt', 'maker', 'fresh', 'fruit', 'even', 'fresher', 'seem', 'jam', 'yogurt', 'probably', 'wouldnt', 'keep', 'well', 'enough', 'case', 'didnt', 'care', 'strawberry', 'jam', 'add', 'least', 'enough', 'make', 'want', 'purchase']",Product Improvement
Chobani Smooth,,Make it thicker; the consistency was a bit too thin.Sugar content still seems a bit high for being 25% less.,0,"['make', 'thicker', 'consistency', 'bit', 'thinsugar', 'content', 'still', 'seem', 'bit', 'high', '25', 'less']",Product Improvement
Chobani Original,,nothing,0,['nothing'],Product Improvement
Chobani Smooth,,less sweet.  more fruit flavor,40.33,"['less', 'sweet', 'fruit', 'flavor']",Product Improvement
Chobani Original,,"As with most Greek yogurt, there is a slight aftertaste. It isn't exactly unpleasant, but it is noticeable. Perhaps it is unavoidable.",19.67,"['greek', 'yogurt', 'slight', 'aftertaste', 'isnt', 'exactly', 'unpleasant', 'noticeable', 'perhaps', 'unavoidable']",Product Improvement
Chobani Smooth,,,0,['nan'],Product Improvement
Chobani Original,,you have to stir it for a long time to mix it all in,0,"['stir', 'long', 'time', 'mix']",Product Improvement
Chobani Smooth,,I wouldn't change a thing.,0,"['wouldnt', 'change', 'thing']",Product Improvement
Chobani Original,,make it sweeter,0,"['make', 'sweeter']",Product Improvement
Chobani Smooth,,It's a little watery. I'd like to see some strawberry in it.,30.41,"['little', 'watery', 'id', 'like', 'see', 'strawberry']",Product Improvement
Chobani Original,,If there was a way to make it creamier and to bring out a little more of the strawberry flavor,0,"['way', 'make', 'creamy', 'bring', 'little', 'strawberry', 'flavor']",Product Improvement
Chobani Smooth,,a little more fruit flavor,0,"['little', 'fruit', 'flavor']",Product Improvement
Chobani Original,,Because you are giving us less yogurt in the same size container. It looks very unappealing - shriveled up yogurt sitting in whey.  It looks spoilt. People eat with their eyes.   I would never pay $1.55 for this. Spend your money on product not advertising. People aren't as stupid as you think. The containers are pretty butyou are downsizing content.  No longer enough to make a quick breakfast or lunch.,75.59,"['give', 'u', 'less', 'yogurt', 'size', 'container', 'look', 'unappealing', 'shrivel', 'yogurt', 'sit', 'whey', 'look', 'spoilt', 'people', 'eat', 'eye', 'would', 'never', 'pay', '155', 'spend', 'money', 'product', 'advertising', 'people', 'arent', 'stupid', 'think', 'container', 'pretty', 'butyou', 'downsize', 'content', 'longer', 'enough', 'make', 'quick', 'breakfast', 'lunch']",Product Improvement
Chobani Smooth,,Nothing,0,['nothing'],Product Improvement
Chobani Original,,It seemed a little thin for greek yogurt.,0,"['seem', 'little', 'thin', 'greek', 'yogurt']",Product Improvement
Chobani Smooth,,add piece of strawberry,0,"['add', 'piece', 'strawberry']",Product Improvement
Chobani Original,,Nothing,0,['nothing'],Product Improvement
Chobani Smooth,,"The consistency is thinner than I prefer.  The package indicates this is a  mild  yogurt, but I find it to be quite sour, more like a Greek style yogurt.  The package states this is a  smooth  yogurt, but there are several small chunks of fruit in it.",62.31,"['consistency', 'thinner', 'prefer', 'package', 'indicate', 'mild', 'yogurt', 'find', 'quite', 'sour', 'like', 'greek', 'style', 'yogurt', 'package', 'state', 'smooth', 'yogurt', 'several', 'small', 'chunk', 'fruit']",Product Improvement
Chobani Original,,I would have liked to have seen actual strawberry pieces instead of the jelly-like substance at the bottom of the container.,42.15,"['would', 'like', 'see', 'actual', 'strawberry', 'piece', 'instead', 'jellylike', 'substance', 'bottom', 'container']",Product Improvement
Chobani Smooth,,"First, while I liked the smooth, creamy texture, it was slightly too runny. I would like it to have a little more consistency.     Second, it had an odd aftertaste - almost like fake sugar or too much sugar.",39.76,"['first', 'like', 'smooth', 'creamy', 'texture', 'slightly', 'runny', 'would', 'like', 'little', 'consistency', 'second', 'odd', 'aftertaste', 'almost', 'like', 'fake', 'sugar', 'much', 'sugar']",Product Improvement
Chobani Original,,Lower price.,-29.6,"['low', 'price']",Product Improvement
Chobani Smooth,,I would like it a little thicker.,36.12,"['would', 'like', 'little', 'thicker']",Product Improvement
Chobani Original,,Mixing of the yogurt and make the cup bigger so it's slightly easier to mix.  Also if you don't mix it correctly you get a bitter taste.,-0.76,"['mix', 'yogurt', 'make', 'cup', 'big', 'slightly', 'easy', 'mix', 'also', 'dont', 'mix', 'correctly', 'get', 'bitter', 'taste']",Product Improvement
Chobani Smooth,,Its too sour and has a horrible after taste,-54.23,"['sour', 'horrible', 'taste']",Product Improvement
Chobani Original,,texture is off just a little,0,"['texture', 'little']",Product Improvement
Chobani Smooth,,More fresh strawberry pieces.,38.04,"['fresh', 'strawberry', 'piece']",Product Improvement
Chobani Original,,It could be a little less sweet and still be very good.  A little more fruit would be nice.,81.37,"['could', 'little', 'less', 'sweet', 'still', 'good', 'little', 'fruit', 'would', 'nice']",Product Improvement
Chobani Smooth,,Stronger Strawberry flavor,38.18,"['strong', 'strawberry', 'flavor']",Product Improvement
Chobani Original,,This particular product there wasn't much I would change.,0,"['particular', 'product', 'wasnt', 'much', 'would', 'change']",Product Improvement
Chobani Smooth,,The flavor.  I found it to have a very over-powering taste of sour milk.,0,"['flavor', 'find', 'overpower', 'taste', 'sour', 'milk']",Product Improvement
Chobani Original,,More fruit on the bottom,0,"['fruit', 'bottom']",Product Improvement
Chobani Smooth,,The aftertaste lingers a little more than I would prefer.,0,"['aftertaste', 'lingers', 'little', 'would', 'prefer']",Product Improvement
Chobani Original,,"I am not a huge fan of fruit on the bottom yogurt.  So  maybe blended?  Also maybe a bit less sugar, but still keeping it sweet tasting",46.57,"['huge', 'fan', 'fruit', 'bottom', 'yogurt', 'maybe', 'blend', 'also', 'maybe', 'bit', 'less', 'sugar', 'still', 'keep', 'sweet', 'tasting']",Product Improvement
Chobani Smooth,,Nothing.,0,['nothing'],Product Improvement
Chobani Original,,Lower the price.,-29.6,"['low', 'price']",Product Improvement
Chobani Smooth,,Very little.  Perhaps a tad more strawberry flavoring.,0,"['little', 'perhaps', 'tad', 'strawberry', 'flavor']",Product Improvement
Chobani Original,,Nothing,0,['nothing'],Product Improvement
Chobani Smooth,,It is a bit runny/watery/thin.  I would like it a little bit thicker.,36.12,"['bit', 'runnywaterythin', 'would', 'like', 'little', 'bit', 'thicker']",Product Improvement
Chobani Original,,"I don't know if you can change this, but when initially opening the container the first thing I saw was the water from the yougart. Also at the first appearance the mix in fuit is not visually appealing, looks like jelly thrown into the yougart container.    Do not like that the container is only half full if that, fill up the cup atleast 3/4 of the way or use a smaller container, otherwise it is disappointing and a waste.",-36.12,"['dont', 'know', 'change', 'initially', 'open', 'container', 'first', 'thing', 'saw', 'water', 'yougart', 'also', 'first', 'appearance', 'mix', 'fuit', 'visually', 'appeal', 'look', 'like', 'jelly', 'thrown', 'yougart', 'container', 'like', 'container', 'half', 'full', 'fill', 'cup', 'atleast', '34', 'way', 'use', 'small', 'container', 'otherwise', 'disappointing', 'waste']",Product Improvement
Chobani Smooth,,Strawberry flavor was just a tad bitter,-42.15,"['strawberry', 'flavor', 'tad', 'bitter']",Product Improvement
Chobani Original,,Nothing,0,['nothing'],Product Improvement
Chobani Smooth,,A little thin.,0,"['little', 'thin']",Product Improvement
Chobani Original,,nothing,0,['nothing'],Product Improvement
Chobani Smooth,,"I would make it a little thicker, The consistency was a little runny.",0,"['would', 'make', 'little', 'thicker', 'consistency', 'little', 'runny']",Product Improvement
Chobani Original,,Make the serving size larger for that price.,0,"['make', 'serve', 'size', 'large', 'price']",Product Improvement
Chobani Smooth,,What I would change is how heavy tasting the yogurt is. To make it better I would make it more smooth than heavy.,44.04,"['would', 'change', 'heavy', 'taste', 'yogurt', 'make', 'good', 'would', 'make', 'smooth', 'heavy']",Product Improvement
Chobani Original,,I shake the product before I open it because it helps mix it up.,22.63,"['shake', 'product', 'open', 'help', 'mix']",Product Improvement
Chobani Smooth,,Add more strawberry flavor.,0,"['add', 'strawberry', 'flavor']",Product Improvement
Chobani Original,,nothing,0,['nothing'],Product Improvement
Chobani Smooth,,Specify the Amount of protein on the package,0,"['specify', 'amount', 'protein', 'package']",Product Improvement
Chobani Original,,Nothing,0,['nothing'],Product Improvement
Chobani Smooth,,the packaging I hate the ridge on the inside,-57.19,"['package', 'hate', 'ridge', 'inside']",Product Improvement
Chobani Original,,The strawberry flavor wasn't strong enough.,-40.23,"['strawberry', 'flavor', 'wasnt', 'strong', 'enough']",Product Improvement
Chobani Smooth,,,0,['nan'],Product Improvement
Chobani Original,,Nothing,0,['nothing'],Product Improvement
Chobani Smooth,,fruit pieces,0,"['fruit', 'piece']",Product Improvement
Chobani Original,,The appearance of the strawberries - I'd make them look fresher,0,"['appearance', 'strawberry', 'id', 'make', 'look', 'fresher']",Product Improvement
Chobani Smooth,,Thicker texture. Even less sweet. More strawberry pieces.,40.33,"['thicker', 'texture', 'even', 'less', 'sweet', 'strawberry', 'piece']",Product Improvement
Chobani Original,,Not the biggest fan of fruit on the bottom style yogurt.,-24.11,"['big', 'fan', 'fruit', 'bottom', 'style', 'yogurt']",Product Improvement
Chobani Smooth,,"I would make it a tiny bit more thick in consistency, I liked the creamy texture but it was almost slippery which is not my favorite in a yogurt. I disliked greatly the packaging. If they did one big change, it would have to be the packaging.",-70.68,"['would', 'make', 'tiny', 'bit', 'thick', 'consistency', 'like', 'creamy', 'texture', 'almost', 'slippery', 'favorite', 'yogurt', 'dislike', 'greatly', 'package', 'one', 'big', 'change', 'would', 'package']",Product Improvement
Chobani Original,,Nothing,0,['nothing'],Product Improvement
Chobani Smooth,,possibly add more fruit chunks,0,"['possibly', 'add', 'fruit', 'chunk']",Product Improvement
Chobani Original,,"Less sugar if possible, I'm not a huge fan of the chunks of fruit - wish they mixed in better",39.71,"['less', 'sugar', 'possible', 'im', 'huge', 'fan', 'chunk', 'fruit', 'wish', 'mixed', 'good']",Product Improvement
Chobani Smooth,,nothing,0,['nothing'],Product Improvement
Chobani Original,,Increase the size of the package.,31.82,"['increase', 'size', 'package']",Product Improvement
Chobani Smooth,,Add bigger chunks of strawberries to it.,0,"['add', 'big', 'chunk', 'strawberry']",Product Improvement
Chobani Original,,"MORE FRUIT, LESS SUGAR & A LITTLE TOO THICK.",0,"['fruit', 'le', 'sugar', 'little', 'thick']",Product Improvement
Chobani Smooth,,Nothing.,0,['nothing'],Product Improvement
Chobani Smooth,,Add fruit pieces,0,"['add', 'fruit', 'piece']",Product Improvement
Chobani Smooth,,More strawberries,0,['strawberry'],Product Improvement
Chobani Smooth,,Have more of a strawberry taste,0,"['strawberry', 'taste']",Product Improvement
Chobani Smooth,,lower price,-29.6,"['low', 'price']",Product Improvement
Chobani Smooth,,"It had a slight, IDK, chalky taste?",-28.08,"['slight', 'idk', 'chalky', 'taste']",Product Improvement
Chobani Smooth,,Color was not appealing,0,"['color', 'appeal']",Product Improvement
Chobani Smooth,,add more strawberry flavor and strawberries,0,"['add', 'strawberry', 'flavor', 'strawberry']",Product Improvement
Chobani Smooth,,oth,0,['oth'],Product Improvement
Chobani Smooth,,"If it can be a little bit sweeter without adding more gram of sugar, that would be better.",44.04,"['little', 'bit', 'sweeter', 'without', 'add', 'gram', 'sugar', 'would', 'better']",Product Improvement
Chobani Smooth,,It needs to have pieces of strawberries added for more flavor as well as to have a slightly thicker consistency.,33.21,"['need', 'piece', 'strawberry', 'add', 'flavor', 'well', 'slightly', 'thick', 'consistency']",Product Improvement
Chobani Smooth,,,0,['nan'],Product Improvement
Chobani Smooth,,It was not as sweet as I had hoped.  There were some bits of yogurt that were not blended in so I'd get a glob here or there.  The globs were not berries.,3.1,"['sweet', 'hop', 'bit', 'yogurt', 'blend', 'id', 'get', 'glob', 'glob', 'berry']",Product Improvement
Chobani Smooth,,Nothing,0,['nothing'],Product Improvement
Chobani Smooth,,"Add fruit bits inside the yogurt, really tiny so they are in every bit.",0,"['add', 'fruit', 'bit', 'inside', 'yogurt', 'really', 'tiny', 'every', 'bit']",Product Improvement
Chobani Smooth,,"Add a bit more flavor, maybe add some strawberry pieces in it.",0,"['add', 'bit', 'flavor', 'maybe', 'add', 'strawberry', 'piece']",Product Improvement
Chobani Smooth,,A little more strawberry flavor and/or sweetness.  Not a lot but just a touch,27.32,"['little', 'strawberry', 'flavor', 'andor', 'sweetness', 'lot', 'touch']",Product Improvement
Chobani Smooth,,Sweeter,0,['sweeter'],Product Improvement
Chobani Smooth,,have some types that offer a mix in of some kind-granola?,0,"['type', 'offer', 'mix', 'kindgranola']",Product Improvement
Chobani Smooth,,more strawberry flavor,0,"['strawberry', 'flavor']",Product Improvement
Chobani Smooth,,flavor it needs to be sweeter as its semi tart,0,"['flavor', 'need', 'sweeter', 'semi', 'tart']",Product Improvement
Chobani Smooth,,nothing,0,['nothing'],Product Improvement
Chobani Smooth,,Strawberries more chunky,0,"['strawberry', 'chunky']",Product Improvement
Chobani Smooth,,more strawberries,0,['strawberry'],Product Improvement
Chobani Smooth,,It would be nice if there wasn't so much liquid on top when I open it. Kind of grosses me out.,42.15,"['would', 'nice', 'wasnt', 'much', 'liquid', 'top', 'open', 'kind', 'gross']",Product Improvement
Chobani Smooth,,add more fruit pieces.,0,"['add', 'fruit', 'piece']",Product Improvement
Chobani Smooth,,The strawberry flavor could have been a little bit stronger.,32.3,"['strawberry', 'flavor', 'could', 'little', 'bit', 'strong']",Product Improvement
Chobani Smooth,,I'm sure everyone knows Chobani as Greek Yogurt but maybe somehow change the name so it also mentions it is a greek yogurt flavor.,16.55,"['im', 'sure', 'everyone', 'know', 'chobani', 'greek', 'yogurt', 'maybe', 'somehow', 'change', 'name', 'also', 'mention', 'greek', 'yogurt', 'flavor']",Product Improvement
Chobani Smooth,,Looked a little funny when first opened. Also a little pricey.,38.32,"['look', 'little', 'funny', 'first', 'open', 'also', 'little', 'pricey']",Product Improvement
Chobani Smooth,,the texture was kind of griddy. I wish it would be more smooth.,40.19,"['texture', 'kind', 'griddy', 'wish', 'would', 'smooth']",Product Improvement
Chobani Smooth,,"Better flavor (stronger strawberry flavor), more strawberry chunks.  I don't like the smell or aftertaste -- it's bitter, not sweet.",-54.08,"['well', 'flavor', 'strong', 'strawberry', 'flavor', 'strawberry', 'chunk', 'dont', 'like', 'smell', 'aftertaste', 'bitter', 'sweet']",Product Improvement
Chobani Smooth,,#NAME?,0,['name'],Product Improvement
Chobani Smooth,,,0,['nan'],Product Improvement
Chobani Smooth,,I would add more fruit,0,"['would', 'add', 'fruit']",Product Improvement
Chobani Smooth,,"Fill cup fuller,cup was a little under 3/4 full",0,"['fill', 'cup', 'fullercup', 'little', '34', 'full']",Product Improvement
Chobani Smooth,,"It's too thick, almost glue-like. It's not sweet enough for a snack crave. It's fine a a nutritional breakfast or a quick meal. It looks bland.",-17.29,"['thick', 'almost', 'gluelike', 'sweet', 'enough', 'snack', 'crave', 'fine', 'nutritional', 'breakfast', 'quick', 'meal', 'look', 'bland']",Product Improvement
Chobani Smooth,,"Needs more fruit!  I had to add 2 strawberries to be able to taste the strawberry flavor.    Also, the container was 1/2 full so I suggest using a smaller container or fill the existing container.  I think a smaller container is a better idea.",49.26,"['need', 'fruit', 'add', '2', 'strawberry', 'able', 'taste', 'strawberry', 'flavor', 'also', 'container', '12', 'full', 'suggest', 'use', 'small', 'container', 'fill', 'exist', 'container', 'think', 'small', 'container', 'well', 'idea']",Product Improvement
Chobani Smooth,,It was very tart.  and I wasn't sure I could take the aftertaste,-24.11,"['tart', 'wasnt', 'sure', 'could', 'take', 'aftertaste']",Product Improvement
Chobani Smooth,,the creamy-ness,0,['creamyness'],Product Improvement
Chobani Smooth,,aftertaste,0,['aftertaste'],Product Improvement
Chobani Smooth,,I would add bigger pieces of strawberry.,0,"['would', 'add', 'big', 'piece', 'strawberry']",Product Improvement
Chobani Smooth,,add more strawberry,0,"['add', 'strawberry']",Product Improvement
Chobani Smooth,,I would like it to be thicker and have pieces of fruit. The consistency seemed thin. A larger selection of flavors to choose from would also be good.,65.97,"['would', 'like', 'thicker', 'piece', 'fruit', 'consistency', 'seem', 'thin', 'large', 'selection', 'flavor', 'choose', 'would', 'also', 'good']",Product Improvement
Chobani Smooth,,Could use a little more real fruit to enhance the flavor.  The color was pale not very pleasing to the eye.  Seemed to have a little bitter after taste.,-67.05,"['could', 'use', 'little', 'real', 'fruit', 'enhance', 'flavor', 'color', 'pale', 'please', 'eye', 'seem', 'little', 'bitter', 'taste']",Product Improvement
Chobani Smooth,,make it thicker,0,"['make', 'thicker']",Product Improvement
Chobani Smooth,,More strawberry flavor and add some fruit chunks,0,"['strawberry', 'flavor', 'add', 'fruit', 'chunk']",Product Improvement
Chobani Smooth,,"more strawberry chunks, and more strawberry flavor",0,"['strawberry', 'chunk', 'strawberry', 'flavor']",Product Improvement
Chobani Smooth,,make it a little less tart,0,"['make', 'little', 'less', 'tart']",Product Improvement
Chobani Smooth,,Would taste better with even more berry flavor.  It was a little too runny.,44.04,"['would', 'taste', 'good', 'even', 'berry', 'flavor', 'little', 'runny']",Product Improvement
Chobani Smooth,,add fruit pieces,0,"['add', 'fruit', 'piece']",Product Improvement
Chobani Smooth,,Add more chucks of strawberries.,0,"['add', 'chuck', 'strawberry']",Product Improvement
Chobani Smooth,,I would add granola to this yogurt to make it taste better.,44.04,"['would', 'add', 'granola', 'yogurt', 'make', 'taste', 'well']",Product Improvement
Chobani Smooth,,Add more strawberry chunks,0,"['add', 'strawberry', 'chunk']",Product Improvement
Chobani Smooth,,It could have a stronger strawberry flavor and put chunks of strawberries in it.,38.18,"['could', 'stronger', 'strawberry', 'flavor', 'put', 'chunk', 'strawberry']",Product Improvement
