product_code,liking,liking_free_text,meets_expectation,meets_expectation_free_text,liking_free_text_no_punc_tokenized_no_stop_lemm,meets_expectation_free_text_no_punc_tokenized_no_stop_lemm,like_compound,meets_expectation_compound
High Drizzle,8,Lots of flavor in a small bite size treat.,4,Make it a bit bigger and/or fluffier,"['lot', 'flavor', 'small', 'bite', 'size', 'treat']","['make', 'bit', 'big', 'andor', 'fluffier']",0.4019,0
Low Drizzle,3,It was taller and not as flat,3,It needs way more flavor and more frosting,"['taller', 'flat']","['need', 'way', 'flavor', 'frosting']",0,0
Low Drizzle,6,The cinnamon flavor and texture were well balancd,2,The size. Much too small could be bigger,"['cinnamon', 'flavor', 'texture', 'well', 'balancd']","['size', 'much', 'small', 'could', 'big']",0.2732,0
High Drizzle,9,The sweet taste and texture,4,The size. Could be bigger,"['sweet', 'taste', 'texture']","['size', 'could', 'big']",0.4588,0
High Drizzle,4,It was really soft and chewy. There was enough frosting on it also which made it sweet enough.,3,Make it bigger.,"['really', 'soft', 'chewy', 'enough', 'frost', 'also', 'make', 'sweet', 'enough']","['make', 'big']",0.4588,0
Low Drizzle,4,It had a good cinnamon flavor,3,Make it bigger and less chewy. More like a cinnamon roll,"['good', 'cinnamon', 'flavor']","['make', 'big', 'less', 'chewy', 'like', 'cinnamon', 'roll']",0.4404,0.3673
Low Drizzle,8,Balance of soft and chewy was surprisingly good.,5,More frosting.,"['balance', 'soft', 'chewy', 'surprisingly', 'good']",['frost'],0.6249,0
High Drizzle,9,The frosting and softness.,5,Larger size.,"['frost', 'softness']","['large', 'size']",0,0
High Drizzle,2,It had the right amount of frosting,1,"The taste is very artificial, it is way too dense, very chewy and fake tasting","['right', 'amount', 'frost']","['taste', 'artificial', 'way', 'dense', 'chewy', 'fake', 'tasting']",0,-0.5209
Low Drizzle,2,"Better texture, less frosting, less dense",1,"Fake artificial flavor, not the texture of a cinnamon roll","['well', 'texture', 'less', 'frost', 'less', 'dense']","['fake', 'artificial', 'flavor', 'texture', 'cinnamon', 'roll']",0.4404,-0.4767
Low Drizzle,4,Softness when biting into it.,3,More cinnamon throughout and not clumpy pieces. Also too strong of cinnamon,"['softness', 'biting']","['cinnamon', 'throughout', 'clumpy', 'piece', 'also', 'strong', 'cinnamon']",0,0.5106
High Drizzle,7,Good balance of cinnamon to sweet,3,A tad more cinnamon but keep same amount of frosting to create a more balanced flavor.,"['good', 'balance', 'cinnamon', 'sweet']","['tad', 'cinnamon', 'keep', 'amount', 'frost', 'create', 'balance', 'flavor']",0.7096,0.3919
High Drizzle,2,Nothing,1,The texture is dry and gritty.  The roll does not taste fresh.  The cinnamon flavor is overwhelming.,['nothing'],"['texture', 'dry', 'gritty', 'roll', 'taste', 'fresh', 'cinnamon', 'flavor', 'overwhelm']",0,-0.2411
Low Drizzle,1,Nothing,1,Very dry and not flavorful enough.  When making desserts you want to make them flavorful and not just sweet.,['nothing'],"['dry', 'flavorful', 'enough', 'make', 'dessert', 'want', 'make', 'flavorful', 'sweet']",0,-0.2914
Low Drizzle,6,The appearance on the plate.,3,Add a little more sweetness,"['appearance', 'plate']","['add', 'little', 'sweetness']",0,0.4964
High Drizzle,7,Nice sweet taste with he extra frosting compared to other concept.,4,Add a little more cinnamon in.,"['nice', 'sweet', 'taste', 'extra', 'frosting', 'compare', 'concept']","['add', 'little', 'cinnamon']",0.7003,0
High Drizzle,6,I like the sugary flavor of the frosting along with the softness of the cinnamon roll.,4,"Way too much cinnamon flavor, it leaves an aftertaste Im not a fan of.","['like', 'sugary', 'flavor', 'frost', 'along', 'softness', 'cinnamon', 'roll']","['way', 'much', 'cinnamon', 'flavor', 'leave', 'aftertaste', 'i\x92m', 'fan']",0.3612,-0.2411
Low Drizzle,7,This is a great sweet snack. I like the taste and sweetness.,5,"I like frosting, so I might drizzle a little more on","['great', 'sweet', 'snack', 'like', 'taste', 'sweetness']","['like', 'frost', 'might', 'drizzle', 'little']",0.9153,0.3612
Low Drizzle,3,Nothing,1,Add more frosting. Make it less like a cookie and more like a cinnamon roll. Cinnamon rolls are soft. Make it bigger.,['nothing'],"['add', 'frost', 'make', 'less', 'like', 'cookie', 'like', 'cinnamon', 'roll', 'cinnamon', 'roll', 'soft', 'make', 'big']",0,0.529
High Drizzle,3,Nothing,1,Add more frosting. Make bigger and softer.,['nothing'],"['add', 'frost', 'make', 'big', 'softer']",0,0
High Drizzle,7,Softness and freshness.,4,"Make a little fluffier, less dense.","['softness', 'freshness']","['make', 'little', 'fluffy', 'less', 'dense']",0,0
Low Drizzle,6,Softness,2,"More frosting, add sweetness.",['softness'],"['frost', 'add', 'sweetness']",0,0.5367
Low Drizzle,6,I enjoyed the flavor and strong cinnamon taste. I was also very pleased with the soft texture.,2,I would like it to look more like a traditional cinnamon roll and have less of a cookie texture.,"['enjoy', 'flavor', 'strong', 'cinnamon', 'taste', 'also', 'please', 'soft', 'texture']","['would', 'like', 'look', 'like', 'traditional', 'cinnamon', 'roll', 'less', 'cookie', 'texture']",0.8687,0.6124
High Drizzle,6,I liked the cinnamon flavor and soft chewy texture.,2,I wished it looked more like a traditional cinnamon roll. I also would prefer less frosting.,"['liked', 'cinnamon', 'flavor', 'soft', 'chewy', 'texture']","['wish', 'look', 'like', 'traditional', 'cinnamon', 'roll', 'also', 'would', 'prefer', 'less', 'frost']",0.4215,0.4201
High Drizzle,6,The chewiness of the cinnamon roll was a pleasant surprise.,4,"Reduce the amount of cinnamon flavor, I found it to be overpowering to the point of being unable to taste anything else.","['chewiness', 'cinnamon', 'roll', 'pleasant', 'surprise']","['reduce', 'amount', 'cinnamon', 'flavor', 'find', 'overpower', 'point', 'unable', 'taste', 'anything', 'else']",0.6597,0
Low Drizzle,8,The cinnamon roll was the perfect amount of sweetness without being overwhelming.,4,I would make it slightly more moist and make the cinnamon a little less visible. The cinnamon almost looked like raisins in this sample.,"['cinnamon', 'roll', 'perfect', 'amount', 'sweetness', 'without', 'overwhelm']","['would', 'make', 'slightly', 'moist', 'make', 'cinnamon', 'little', 'less', 'visible', 'cinnamon', 'almost', 'look', 'like', 'raisin', 'sample']",0.7845,0.3008
High Drizzle,4,The size; portable,2,Sweetness-much too sweet and the denseness.,"['size', 'portable']","['sweetnessmuch', 'sweet', 'denseness']",0,0.4588
Low Drizzle,2,The size,2,Make it less sweet and more flaky,['size'],"['make', 'less', 'sweet', 'flaky']",0,0.4033
Low Drizzle,5,"Soft, flavors were as expected from the picture.",3,"Texture was a little too gritty for me, more frosting flavor","['soft', 'flavor', 'expect', 'picture']","['texture', 'little', 'gritty', 'frost', 'flavor']",0,0
High Drizzle,8,"Really nice balance of flavors, soft, moist and chewiness that I would expect from a full size, fresh cinnamon roll.",4,Nothing,"['really', 'nice', 'balance', 'flavor', 'soft', 'moist', 'chewiness', 'would', 'expect', 'full', 'size', 'fresh', 'cinnamon', 'roll']",['nothing'],0.659,0
Low Drizzle,5,The taste and frosting were nice.,3,It needs to be fluffier with a better after taste.,"['taste', 'frosting', 'nice']","['need', 'fluffier', 'good', 'taste']",0.4215,0.4404
High Drizzle,7,Good cinnamon flavor and it was very moist.,3,It needs to be fluffier and a little bigger.,"['good', 'cinnamon', 'flavor', 'moist']","['need', 'fluffier', 'little', 'big']",0.4404,0
High Drizzle,8,"Bite size is very fun, love this for my kids or a quick breakfast on the go.",4,"Fluffier, a little bigger.","['bite', 'size', 'fun', 'love', 'kid', 'quick', 'breakfast', 'go']","['fluffier', 'little', 'big']",0.8431,0
Low Drizzle,8,"Great for on the go, great flavor, not too much frosting, could be a little thicker/fluffy.",4,Thicker/ fluffier,"['great', 'go', 'great', 'flavor', 'much', 'frosting', 'could', 'little', 'thickerfluffy']","['thicker', 'fluffier']",0.8481,0
Low Drizzle,4,Cinnamon taste and frosting,3,I would change the texture and the sizs,"['cinnamon', 'taste', 'frosting']","['would', 'change', 'texture', 'sizs']",0,0
High Drizzle,3,Like the cinnamon and frosting amount and flavor,2,Less dry bigger flakier not so condensed it tastes more like cookie its too chewy,"['like', 'cinnamon', 'frosting', 'amount', 'flavor']","['less', 'dry', 'big', 'flakier', 'condense', 'taste', 'like', 'cookie', 'it\x92s', 'chewy']",0.3612,0.4201
High Drizzle,7,This sample tasted like a cinnamon roll should taste. It left a very pleasant taste in my mouth. It was soft and chewable and the frosting was very good.,3,The texture is more like a soft cookie rather than a cinnamon roll. It does not have the firmness of a cinnamon roll.,"['sample', 'taste', 'like', 'cinnamon', 'roll', 'taste', 'leave', 'pleasant', 'taste', 'mouth', 'soft', 'chewable', 'frosting', 'good']","['texture', 'like', 'soft', 'cookie', 'rather', 'cinnamon', 'roll', 'firmness', 'cinnamon', 'roll']",0.8514,0.4201
Low Drizzle,8,"This sample tastes MORE like a cinnamon roll. While I dont like how the frosting looks, I do think there is enough to support the cinnamon taste and enhance the flavor. It seemed to be slightly more firm and less cookie like.",3,I would make it taller and have a spiral look like a cinnamon roll. It is currently flat and round like a cookie. I would make the frosting look more drippy like a cinnamon roll. The taste is really good.,"['sample', 'taste', 'like', 'cinnamon', 'roll', 'don\x92t', 'like', 'frost', 'look', 'think', 'enough', 'support', 'cinnamon', 'taste', 'enhance', 'flavor', 'seem', 'slightly', 'firm', 'less', 'cookie', 'like']","['would', 'make', 'tall', 'spiral', 'look', 'like', 'cinnamon', 'roll', 'currently', 'flat', 'round', 'like', 'cookie', 'would', 'make', 'frosting', 'look', 'drippy', 'like', 'cinnamon', 'roll', 'taste', 'really', 'good']",0.9228,0.8655
Low Drizzle,8,It was soft and chewy. Cinnamon flavor was perfect.,4,Maybe a little softer with more frosting.,"['soft', 'chewy', 'cinnamon', 'flavor', 'perfect']","['maybe', 'little', 'soft', 'frost']",0.5719,0
High Drizzle,8,I loved the amount of frosting.,4,Make it a bit softer and more moist.,"['loved', 'amount', 'frosting']","['make', 'bit', 'soft', 'moist']",0.5994,0
High Drizzle,6,The texture and chewiness of the roll. I was expecting a dry texture and was pleasantly surprised by the soft texture.,4,Too much frosting and a little too much cinnamon flavor left an after taste.,"['texture', 'chewiness', 'roll', 'expect', 'dry', 'texture', 'pleasantly', 'surprise', 'soft', 'texture']","['much', 'frost', 'little', 'much', 'cinnamon', 'flavor', 'leave', 'taste']",0.6124,0
Low Drizzle,9,There was not an over powering amount of frosting on this mini cinnamon roll.,5,The amount of cinnamon was a little too much for my desire as it was the last flavor left as the after taste.,"['power', 'amount', 'frost', 'mini', 'cinnamon', 'roll']","['amount', 'cinnamon', 'little', 'much', 'desire', 'last', 'flavor', 'leave', 'taste']",0,0.4019
Low Drizzle,7,Flavor and taste was ok,3,Needs to be bigger in size and more fluffier,"['flavor', 'taste', 'ok']","['need', 'big', 'size', 'fluffier']",0.296,0
High Drizzle,7,Taste was good,3,Needs to be bigger in size and fluffy,"['taste', 'good']","['need', 'big', 'size', 'fluffy']",0.4404,0
High Drizzle,9,"The taste was right on. The texture was smooth, and it was very tasty.",5,"Depending on how many you got in a bag, I would think it should be a bit bigger.","['taste', 'right', 'texture', 'smooth', 'tasty']","['depend', 'many', 'get', 'bag', 'would', 'think', 'bit', 'big']",0,0
Low Drizzle,9,I like the concept of a mini cinnamon roll quite a bit. The texture and the amount of moisture were right on.,5,I would add more frosting!,"['like', 'concept', 'mini', 'cinnamon', 'roll', 'quite', 'bit', 'texture', 'amount', 'moisture', 'right']","['would', 'add', 'frost']",0.3612,0
Low Drizzle,3,"Good cinnamon flavor and right level of sweetness, The frosting did not overwhelm it.",3,Texture is like a cookie instead of a roll. It feels like it didnt rise and has that doughy feel when I bite it.,"['good', 'cinnamon', 'flavor', 'right', 'level', 'sweetness', 'frost', 'overwhelm']","['texture', 'like', 'cookie', 'instead', 'roll', 'feel', 'like', 'didn\x92t', 'rise', 'doughy', 'feel', 'bite']",0.7662,0.6124
High Drizzle,4,Looks appealing as you can see the cinnamon and frosting is attractive.,3,Really the size is smaller than mini falling into bite-size category. It has more of a doughy texture and is more like a soft cookie than a roll. This one is almost too sweet without enough cinnamon to balance out.,"['look', 'appeal', 'see', 'cinnamon', 'frost', 'attractive']","['really', 'size', 'small', 'mini', 'fall', 'bitesize', 'category', 'doughy', 'texture', 'like', 'soft', 'cookie', 'roll', 'one', 'almost', 'sweet', 'without', 'enough', 'cinnamon', 'balance']",0.4404,0.6013
High Drizzle,6,The cinnamon flavor I can really taste and liked the frosting not tasting chalky.,3,"less frosting and not as chewy. When I think of cinnamon rolls, I think of fluffy and not chewy. Also I thought the mini cinnamon rolls will be a little bigger. These were micro size.","['cinnamon', 'flavor', 'really', 'taste', 'liked', 'frost', 'taste', 'chalky']","['less', 'frosting', 'chewy', 'think', 'cinnamon', 'roll', 'think', 'fluffy', 'chewy', 'also', 'think', 'mini', 'cinnamon', 'roll', 'little', 'big', 'micro', 'size']",0.4703,0
Low Drizzle,5,"Not hard, can taste a little of cinnamon, small for kids to consume",3,"Too thin, not enough frosting, needs a stronger cinnamon taste, too small for adult maybe a little bit bigger, not fluffy like a cinnamon roll, thought it was gonna be a version of the cinnamon rolls you find in the refrigerated section in the grocery store you put in the oven.","['hard', 'taste', 'little', 'cinnamon', 'small', 'kid', 'consume']","['thin', 'enough', 'frost', 'need', 'strong', 'cinnamon', 'taste', 'small', 'adult', 'maybe', 'little', 'bit', 'big', 'fluffy', 'like', 'cinnamon', 'roll', 'think', 'gon', 'na', 'version', 'cinnamon', 'roll', 'find', 'refrigerated', 'section', 'grocery', 'store', 'put', 'oven']",0.0762,0.1255
Low Drizzle,8,The softness was absolutely perfect! The overall flavor was pretty close to an baked cinnamon roll so I enjoyed the flavor too.,4,Add a little more cinnamon and make it a tad less sweat.,"['softness', 'absolutely', 'perfect', 'overall', 'flavor', 'pretty', 'close', 'baked', 'cinnamon', 'roll', 'enjoy', 'flavor']","['add', 'little', 'cinnamon', 'make', 'tad', 'less', 'sweat']",0.914,0
High Drizzle,8,The amount of frosting is exactly right,5,The sweetness in the actual roll is a little too much with the right amount of frosting. More cinnamon in the roll and use the sweetness from the icing.,"['amount', 'frost', 'exactly', 'right']","['sweetness', 'actual', 'roll', 'little', 'much', 'right', 'amount', 'frost', 'cinnamon', 'roll', 'use', 'sweetness', 'icing']",0,0.7506
High Drizzle,8,The flavor combo of this cinnamon roll is perfect. The balance of cinnamonvanilla frostingand bread is heavenly.,5,Larger portion and fluffier if possible.,"['flavor', 'combo', 'cinnamon', 'roll', 'perfect', 'balance', 'cinnamon\x92vanilla', 'frosting\x92and', 'bread', 'heavenly']","['large', 'portion', 'fluffier', 'possible']",0.8271,0
Low Drizzle,8,It has a great cinnamon roll taste. It tastes like a cinnamon roll should taste. But it is too sweet.,5,Less sweet. Bigger size and cinnamon sprinkled on top of the frosting.,"['great', 'cinnamon', 'roll', 'taste', 'taste', 'like', 'cinnamon', 'roll', 'taste', 'sweet']","['less', 'sweet', 'big', 'size', 'cinnamon', 'sprinkle', 'top', 'frosting']",0.8074,0.5434
Low Drizzle,7,Bite size actual size my kids would love,4,More frosting less dense,"['bite', 'size', 'actual', 'size', 'kid', 'would', 'love']","['frost', 'less', 'dense']",0.6369,0
High Drizzle,8,Love the frosting portion. It looks like the picture. No disappoinment!,5,Have a Carmel option. Little less dense.,"['love', 'frost', 'portion', 'look', 'like', 'picture', 'disappoinment']","['carmel', 'option', 'little', 'less', 'dense']",0.6996,0
High Drizzle,4,The frosting is fairly tasty and the roll isnt as rubbery as I thought it would be.,2,Needs more more cinnamon,"['frost', 'fairly', 'tasty', 'roll', 'isn\x92t', 'rubbery', 'thought', 'would']","['need', 'cinnamon']",0,0
Low Drizzle,4,The frosting is tasty.,2,More more cinnamon. The roll was a little too dry and chewy.,"['frost', 'tasty']","['cinnamon', 'roll', 'little', 'dry', 'chewy']",0,0
Low Drizzle,1,Nothing,1,Make it an actual cinnamon roll. This is more like a cookie bite.,['nothing'],"['make', 'actual', 'cinnamon', 'roll', 'like', 'cookie', 'bite']",0,0.4201
High Drizzle,2,Nothing,1,"Make it a cinnamon roll, not a cookie bite.",['nothing'],"['make', 'cinnamon', 'roll', 'cookie', 'bite']",0,0
High Drizzle,6,While I liked the texture the most it was not what I was expecting from a cinnamon roll but very good,3,Less vanilla flavor more cinnemon,"['liked', 'texture', 'expect', 'cinnamon', 'roll', 'good']","['less', 'vanilla', 'flavor', 'cinnemon']",0.7343,0
Low Drizzle,7,The cinnamon flavor and the after taste,3,It is a little too dense for me,"['cinnamon', 'flavor', 'taste']","['little', 'dense']",0,0
Low Drizzle,5,I like the size and the initial flavor,3,Id like it to be a little puffier-more like a cinnamon roll.   I also think it should be a little bigger.,"['like', 'size', 'initial', 'flavor']","['i\x92d', 'like', 'little', '\x93puffier\x94more', 'like', 'cinnamon', 'roll', 'also', 'think', 'little', 'big']",0.3612,0.6124
High Drizzle,6,It didnt leave the aftertaste that the previous sample did and was just the right amount of sweetness.,3,"Make it puffier and maybe a rolling pattern, like an actual cinnamon roll.","['didn\x92t', 'leave', 'aftertaste', 'previous', 'sample', 'right', 'amount', 'sweetness']","['make', '\x93puffier\x94', 'maybe', 'roll', 'pattern', 'like', 'actual', 'cinnamon', 'roll']",0.4588,0.3612
High Drizzle,2,"Small size, bite size, good for little fingers, kids.",2,"Less sweet, a little bigger, less frosting","['small', 'size', 'bite', 'size', 'good', 'little', 'finger', 'kid']","['less', 'sweet', 'little', 'big', 'less', 'frost']",0.4404,0.4033
Low Drizzle,4,"Just enough frosting, bite size and good for small hands",4,"Too dense, tastes doughy, too sweet, leaves a fatty residue taste in my mouth","['enough', 'frost', 'bite', 'size', 'good', 'small', 'hand']","['dense', 'taste', 'doughy', 'sweet', 'leaf', 'fatty', 'residue', 'taste', 'mouth']",0.4404,0.4588
Low Drizzle,2,It much actually,2,"They r too small. How many would I have to eat to make it into a roll? Why not make the, larger to begin with. Seems like a lot of ,easing around for mini mini rolls","['much', 'actually']","['r', 'small', 'many', 'would', 'eat', 'make', 'roll', 'make', 'large', 'begin', 'seem', 'like', 'lot', 'ease', 'around', 'mini', 'mini', 'roll']",0,0.5423
High Drizzle,4,It a lot other than it had more frosting,2,It tastes like fake or imitation cinnamon. Leaves weird aftertaste kinda like the fake aspartame does,"['lot', 'frost']","['taste', 'like', 'fake', 'imitation', 'cinnamon', 'leave', 'weird', 'aftertaste', 'kinda', 'like', 'fake', 'aspartame']",0,-0.4404
High Drizzle,3,I liked the cinnamon flavor and the amount of frosting.,3,"It was much too dense and chewy for me. I expected it to be flakier. Also, it was much more condensed than the picture.","['liked', 'cinnamon', 'flavor', 'amount', 'frost']","['much', 'dense', 'chewy', 'expect', 'flakier', 'also', 'much', 'condense', 'picture']",0.4215,0
Low Drizzle,3,I like that it wasnt too sweet.,3,"The amount of cinnamon makes it somewhat bitter, and theres also a bit of a sourness to the flavor. I would make it flakier, tone down the cinnamon, and add a bit more frosting.","['like', 'wasn\x92t', 'sweet']","['amount', 'cinnamon', 'make', 'somewhat', 'bitter', 'there\x92s', 'also', 'bit', 'sourness', 'flavor', 'would', 'make', 'flaky', 'tone', 'cinnamon', 'add', 'bit', 'frosting']",0.6705,-0.3626
Low Drizzle,8,I love cinnamon so it tasted better than expected.  I think this would be a great grab and go in the morning.,5,Maybe make them a little bigger.,"['love', 'cinnamon', 'taste', 'well', 'expect', 'think', 'would', 'great', 'grab', 'go', 'morning']","['maybe', 'make', 'little', 'big']",0.9093,0
High Drizzle,8,The amount of frosting.,5,The texture was a little grainy.,"['amount', 'frosting']","['texture', 'little', 'grainy']",0,0
High Drizzle,8,I liked the cinnamon flavor. It tasted moist and not dry.,4,Bigger in size. Less frosting drizzled on top. It tasted a bit too sugary. I couldnt taste the bread as much.,"['liked', 'cinnamon', 'flavor', 'taste', 'moist', 'dry']","['big', 'size', 'less', 'frost', 'drizzle', 'top', 'taste', 'bit', 'sugary', 'couldn\x92t', 'taste', 'bread', 'much']",0.4215,0.2023
Low Drizzle,9,"I liked the cinnamon flavor, it was sweet but not over powering. Just the right amount of frosting on top. It wasnt too chewy, it was moist enough.",5,Make it bigger!,"['liked', 'cinnamon', 'flavor', 'sweet', 'power', 'right', 'amount', 'frost', 'top', 'wasn\x92t', 'chewy', 'moist', 'enough']","['make', 'big']",0.6249,0
Low Drizzle,4,I liked the crunchiness of the frosting and the size,2,"I would make it more almost cake like, Id add more cinnamon","['liked', 'crunchiness', 'frost', 'size']","['would', 'make', 'almost', 'cake', 'like', 'i\x92d', 'add', 'cinnamon']",0.4215,0.3581
High Drizzle,8,"I loved the flavor, the crunchiness of the frosting",5,Id make them bigger so I could have more,"['love', 'flavor', 'crunchiness', 'frosting']","['i\x92d', 'make', 'big', 'could']",0.5994,0
High Drizzle,5,Flavor was good. Not too sweet good cinnamon amount.,3,It was more of a cookie than I expected. Pic looks fresh baked where the product is actually pre baked,"['flavor', 'good', 'sweet', 'good', 'cinnamon', 'amount']","['cookie', 'expect', 'pic', 'look', 'fresh', 'baked', 'product', 'actually', 'pre', 'bake']",0.5139,0.3182
Low Drizzle,7,The right amount of frosting helped keep the sweetness the right amount.,4,It was a little hard.,"['right', 'amount', 'frosting', 'help', 'keep', 'sweetness', 'right', 'amount']","['little', 'hard']",0.4939,-0.0276
Low Drizzle,4,I like that this incorporated all the flavors of a cinnamon roll in a bite size form.,1,I would make it LOOK like a cinnamon roll and warm up for a short time.,"['like', 'incorporate', 'flavor', 'cinnamon', 'roll', 'bite', 'size', 'form']","['would', 'make', 'look', 'like', 'cinnamon', 'roll', 'warm', 'short', 'time']",0.3612,0.5267
High Drizzle,4,The texture and softness of the mini is good.,2,Warmed up and I wish I got more frosting flavor (cream cheese) with the amount that is on here.,"['texture', 'softness', 'mini', 'good']","['warmed', 'wish', 'get', 'frost', 'flavor', 'cream', 'cheese', 'amount']",0.4404,0.5859
High Drizzle,9,Great bite size very tasty I liked how chewy they were and not to sweet.,5,I dont think I would change anything.,"['great', 'bite', 'size', 'tasty', 'like', 'chewy', 'sweet']","['don\x92t', 'think', 'would', 'change', 'anything']",0.6906,0
Low Drizzle,9,This one had less frosting so I wasnt sure if I would like it as much as the other one however I actually liked it just as much. Love the bite size my kids will love it. Its not sticky so no sticky fingers,5,Leave it as is,"['one', 'less', 'frost', 'wasn\x92t', 'sure', 'would', 'like', 'much', 'one', 'however', 'actually', 'like', 'much', 'love', 'bite', 'size', 'kid', 'love', 'it\x92s', 'sticky', 'sticky', 'finger']",['leave'],0.9248,-0.0516
Low Drizzle,7,That it was in a cookie form.,4,Just a little more frosting.,"['cookie', 'form']","['little', 'frosting']",0,0
High Drizzle,8,There was more frosting than the previous sample.,4,A little bigger & a little less cinnamon.,"['frost', 'previous', 'sample']","['little', 'big', 'little', 'less', 'cinnamon']",0,0
High Drizzle,4,Good cinnamon flavor,2,The texture was terrible,"['good', 'cinnamon', 'flavor']","['texture', 'terrible']",0.4404,-0.4767
Low Drizzle,7,Texture and flavor good,4,Could be a bit sweeter,"['texture', 'flavor', 'good']","['could', 'bite', 'sweet']",0.4404,0
Low Drizzle,7,"Flavor was amazing and it was perfect texture wise, great mini snack.",4,"Nothing ,","['flavor', 'amaze', 'perfect', 'texture', 'wise', 'great', 'mini', 'snack']",['nothing'],0.9403,0
High Drizzle,7,"It was more dense, I dont know if it was cooked longer or what but it taste like a thicker cookie. I love cinnamon so it was perfect and the frosting is just right for kids but as an adult a little too much but not too much to complain about it.",4,The amount of frosting,"['dense', 'don\x92t', 'know', 'cook', 'longer', 'taste', 'like', 'thicker', 'cookie', 'love', 'cinnamon', 'perfect', 'frost', 'right', 'kid', 'adult', 'little', 'much', 'much', 'complain']","['amount', 'frosting']",0.9223,0
High Drizzle,3,Easy to eat small enough to fit in mouth or hand,2,The aftertaste it leaves in mouth,"['easy', 'eat', 'small', 'enough', 'fit', 'mouth', 'hand']","['aftertaste', 'leave', 'mouth']",0.8225,0
Low Drizzle,7,It taste pretty good.,4,More frosting on it,"['taste', 'pretty', 'good']",['frost'],0.7269,0
Low Drizzle,6,The taste was ok.,3,Bigger size,"['taste', 'ok']","['big', 'size']",0.296,0
High Drizzle,8,Taste and flavor,4,Make size bigger,"['taste', 'flavor']","['make', 'size', 'big']",0,0
High Drizzle,6,Portion size,2,I like warm cinnamon rolls- was a little too sweet,"['portion', 'size']","['like', 'warm', 'cinnamon', 'roll', 'little', 'sweet']",0,0.7287
Low Drizzle,5,Softness,3,More frosting,['softness'],['frost'],0,0
Low Drizzle,7,Great cinnamon flavor,3,Too dense. Needs to be more fluffy,"['great', 'cinnamon', 'flavor']","['dense', 'need', 'fluffy']",0.6249,0
High Drizzle,8,Overall taste was good,4,Still too dense. Would like it to be more fluffy and soft,"['overall', 'taste', 'good']","['still', 'dense', 'would', 'like', 'fluffy', 'soft']",0.4404,0.3612
High Drizzle,5,The cinnamon taste and sweetness are nice.,2,Make it bigger and call it a cinnamon roll cookie or cake. I expect a cinnamon roll to be hot not cold. The texture is not light and fluffy like a cinnamon roll,"['cinnamon', 'taste', 'sweetness', 'nice']","['make', 'big', 'call', 'cinnamon', 'roll', 'cookie', 'cake', 'expect', 'cinnamon', 'roll', 'hot', 'cold', 'texture', 'light', 'fluffy', 'like', 'cinnamon', 'roll']",0.7184,0.3612
Low Drizzle,3,The frosting,2,Add more cinnamon. It is very bland in flavor. This is more of a cookie than a cinnamon roll. It should called something else,['frost'],"['add', 'cinnamon', 'bland', 'flavor', 'cookie', 'cinnamon', 'roll', 'call', 'something', 'else']",0,0
Low Drizzle,7,Good cinnamon flavor.  Good snack size I know my kids would love.,4,It was a little chewier than I prefer.   Would like it a little fluffier.,"['good', 'cinnamon', 'flavor', 'good', 'snack', 'size', 'know', 'kid', 'would', 'love']","['little', 'chewy', 'prefer', 'would', 'like', 'little', 'fluffier']",0.875,0.3612
High Drizzle,8,"I was surprised. I thought it was going to be overly sweet from the picture but it actually seemed less sweet than the other sample, which I liked.  This one also did not seem as gummy textured it was more fluffy as I prefer.",5,I liked this one.  I think they would be a great grab and go breakfast snack for me and my kids,"['surprised', 'think', 'go', 'overly', 'sweet', 'picture', 'actually', 'seem', 'less', 'sweet', 'sample', 'like', 'one', 'also', 'seem', 'gummy', 'textured', 'fluffy', 'prefer']","['like', 'one', 'think', 'would', 'great', 'grab', 'go', 'breakfast', 'snack', 'kid']",0.8793,0.7845
High Drizzle,6,Frosting,3,Less sweet,['frost'],"['less', 'sweet']",0,0.4033
Low Drizzle,8,Taste,4,Softer,['taste'],['softer'],0,0
Low Drizzle,8,Taste easy to eat,5,Make them bigger,"['taste', 'easy', 'eat']","['make', 'big']",0.4404,0
High Drizzle,8,Tastes good soft,5,Too much cinnamon flavor,"['taste', 'good', 'soft']","['much', 'cinnamon', 'flavor']",0.4404,0
High Drizzle,2,I enjoyed the frosting.,2,I didnt like the crunchiness of the cinnamon,"['enjoy', 'frosting']","['didn\x92t', 'like', 'crunchiness', 'cinnamon']",0.5106,0.3612
Low Drizzle,7,It was a good balance of cinnamon and frosting.,3,"Not sure, I enjoyed the cinnamon roll as it is.","['good', 'balance', 'cinnamon', 'frosting']","['sure', 'enjoy', 'cinnamon', 'roll']",0.4404,-0.5667
Low Drizzle,3,The cinnamon flavor and the size,2,It doesnt remind me of a cinnamon roll at all and instead is just like a cookie. And it needs more frosting.,"['cinnamon', 'flavor', 'size']","['doesn\x92t', 'remind', 'cinnamon', 'roll', 'instead', 'like', 'cookie', 'need', 'frost']",0,0.3612
High Drizzle,6,Quantity of frosting,5,More cinnamon and more layers. Its just a cookie.,"['quantity', 'frosting']","['cinnamon', 'layer', 'it\x92s', 'cookie']",0,0
High Drizzle,8,Size and flavor,5,Make softer like traditional cinnamon roll,"['size', 'flavor']","['make', 'soft', 'like', 'traditional', 'cinnamon', 'roll']",0,0.3612
Low Drizzle,8,Size and flavor,5,More cinnamon roll texture,"['size', 'flavor']","['cinnamon', 'roll', 'texture']",0,0
Low Drizzle,3,It was grainy like sand and not smooth like soft chewy cinnamon rolls with frosty.  Not like the packaged cinnamon rolls need more of the roll or twist like you get when buy the baked cinnamon rolls,1,Mentioned previously make like rolls,"['grainy', 'like', 'sand', 'smooth', 'like', 'soft', 'chewy', 'cinnamon', 'roll', 'frosty', 'like', 'package', 'cinnamon', 'roll', 'need', 'roll', 'twist', 'like', 'get', 'buy', 'baked', 'cinnamon', 'roll']","['mention', 'previously', 'make', 'like', 'roll']",0.8402,0.3612
High Drizzle,6,Taste,3,Wish it was more like a cinnamon roll not like a mini biscuit wit cinnamon and icing,['taste'],"['wish', 'like', 'cinnamon', 'roll', 'like', 'mini', 'biscuit', 'wit', 'cinnamon', 'icing']",0,0.8067
High Drizzle,7,Texture,4,Id make it slightly larger,['texture'],"['i\x92d', 'make', 'slightly', 'large']",0,0
Low Drizzle,5,The chewiness,4,It had too much cinnamon flavor,['chewiness'],"['much', 'cinnamon', 'flavor']",0,0
Low Drizzle,6,Had nice chew to roll.  Strong cinnamon flavor.  Nice and moist.,3,Frosting dried out and a bit too sweet.  Would like more chunks of cinnamon crunchy bits and less icing.,"['nice', 'chew', 'roll', 'strong', 'cinnamon', 'flavor', 'nice', 'moist']","['frost', 'dried', 'bit', 'sweet', 'would', 'like', 'chunk', 'cinnamon', 'crunchy', 'bit', 'less', 'ice']",0.836,0.6705
High Drizzle,6,Strong cinnamon flavor. Nice and chewy and soft.,3,Way too much icing. Icing was hard and dry.  Use less icing,"['strong', 'cinnamon', 'flavor', 'nice', 'chewy', 'soft']","['way', 'much', 'icing', 'ice', 'hard', 'dry', 'use', 'less', 'icing']",0.7269,-0.1027
High Drizzle,4,I loved the concept but then when I saw the product in person I was somewhat confused and a little disappointed in that I thought they might be bigger and softer. Even though it clearly states they are mini!,3,A bit bigger and softer,"['love', 'concept', 'saw', 'product', 'person', 'somewhat', 'confuse', 'little', 'disappointed', 'thought', 'might', 'big', 'softer', 'even', 'though', 'clearly', 'state', 'mini']","['bit', 'big', 'softer']",-0.1313,0
Low Drizzle,4,"I like thats its Pillsbury, a name I trust. I like the thought of mini.",2,I would make it a bit bigger and softer.,"['like', 'that\x92s', 'it\x92s', 'pillsbury', 'name', 'trust', 'like', 'thought', 'mini']","['would', 'make', 'bit', 'big', 'softer']",0.8074,0
Low Drizzle,1,I liked the crunchy cinnamon texture and the after taste. Its delicious,5,Maybe a little softer. It was slightly drier. More like a cookie,"['like', 'crunchy', 'cinnamon', 'texture', 'taste', 'it\x92s', 'delicious']","['maybe', 'little', 'soft', 'slightly', 'drier', 'like', 'cookie']",0.7579,0.3673
High Drizzle,8,The cinnamon taste and crunch!,5,A little too much frosting. Not terrible but also not needed.,"['cinnamon', 'taste', 'crunch']","['little', 'much', 'frosting', 'terrible', 'also', 'need']",0,0.1967
High Drizzle,4,Nothing really. Tastes fake,2,Too dense.,"['nothing', 'really', 'taste', 'fake']",['dense'],0.4137,0
Low Drizzle,4,Not as much frosting. Good cinnamon flavor,2,Seems very artificial. I wouldnt waste calories on this,"['much', 'frosting', 'good', 'cinnamon', 'flavor']","['seem', 'artificial', 'wouldn\x92t', 'waste', 'calorie']",0.4404,-0.4703
Low Drizzle,7,The sweet flavor and slight crunchiness of the frosting,4,It feels a bit too dense. I would want it to be a little lighter.,"['sweet', 'flavor', 'slight', 'crunchiness', 'frosting']","['feel', 'bit', 'dense', 'would', 'want', 'little', 'lighter']",0.4588,0.0772
High Drizzle,7,The frosting flavor,4,The density. I wish it were a little bit lighter.,"['frost', 'flavor']","['density', 'wish', 'little', 'bit', 'lighter']",0,0.4019
High Drizzle,6,"Good flavor, moist",3,"Less chewy, bigge","['good', 'flavor', 'moist']","['less', 'chewy', 'bigge']",0.4404,0
Low Drizzle,7,"More cinnamon flavor, tasty",3,"Less chewy, bigger","['cinnamon', 'flavor', 'tasty']","['less', 'chewy', 'big']",0,0
Low Drizzle,7,"It tasted better than I anticipated. The texture was firmer than a roll, but softer than the appearance. Taste was nice. If it was marketed as a cinnamon roll cookie, I think that fits beter.",4,"A little more frosting. Or even frosting in the center. Also, it left my mouth with a filmy feeling that I would change.","['taste', 'well', 'anticipated', 'texture', 'firmer', 'roll', 'soft', 'appearance', 'taste', 'nice', 'market', 'cinnamon', 'roll', 'cookie', 'think', 'fit', 'beter']","['little', 'frost', 'even', 'frost', 'center', 'also', 'leave', 'mouth', 'filmy', 'feeling', 'would', 'change']",0.6858,0.128
High Drizzle,6,Lots of frosting and moist.,2,It was not flavorful - taste was a little bland. The cinnamon sweet flavor needed to be highlighted more.,"['lot', 'frost', 'moist']","['flavorful', 'taste', 'little', 'bland', 'cinnamon', 'sweet', 'flavor', 'need', 'highlight']",0,0.4588
High Drizzle,8,"Its size snack that was satisfying, filling and had the right amount of sweetness.",4,Maybe a little bigger,"['it\x92s', 'size', 'snack', 'satisfy', 'fill', 'right', 'amount', 'sweetness']","['maybe', 'little', 'big']",0.7351,0
Low Drizzle,9,Less frosting felt like a healthier option for my family which I liked. But I felt like it didnt have enough overall flavor.,4,Stronger flavor ingredients- a bit more flavor and frosting.,"['less', 'frost', 'felt', 'like', 'healthy', 'option', 'family', 'like', 'felt', 'like', 'didn\x92t', 'enough', 'overall', 'flavor']","['strong', 'flavor', 'ingredient', 'bite', 'flavor', 'frosting']",0.6567,0.3818
Low Drizzle,3,Cinnamon flavor,1,Seems gritty. Not soft enough. .  More like a chewy cookie.,"['cinnamon', 'flavor']","['seem', 'gritty', 'soft', 'enough', 'like', 'chewy', 'cookie']",0,0.4201
High Drizzle,6,Like the appearance of more frosting.  This sample was slightly softer.,2,Liked the amount of cinnamon flavor in sample Low Drizzle. High Drizzle has more vanilla flavor.,"['like', 'appearance', 'frost', 'sample', 'slightly', 'soft']","['liked', 'amount', 'cinnamon', 'flavor', 'sample', 'Low Drizzle', 'High Drizzle', 'vanilla', 'flavor']",0.3612,0.4215
High Drizzle,8,The cinnamon flavor was great,4,"Make it a little softer, slightly bigger","['cinnamon', 'flavor', 'great']","['make', 'little', 'soft', 'slightly', 'big']",0.6249,0
Low Drizzle,5,"Easy to eat,  it messy",3,Make it sweeter with more cinnamon flavor. Add a tiny bit more frosting.,"['easy', 'eat', 'messy']","['make', 'sweeter', 'cinnamon', 'flavor', 'add', 'tiny', 'bit', 'frost']",0.1027,0
Low Drizzle,7,I liked the texture. It wasnt quite what I expected it to be for a cinnamon roll but it worked. I was pleasantly surprised,3,Maybe slightly less cinnamon,"['liked', 'texture', 'wasn\x92t', 'quite', 'expect', 'cinnamon', 'roll', 'work', 'pleasantly', 'surprise']","['maybe', 'slightly', 'less', 'cinnamon']",0.8126,0
High Drizzle,7,I liked the amount of frosting. (I think kids always want the ones with the most frosting!) I also liked the texture.,3,Maybe slightly bigger,"['liked', 'amount', 'frost', 'think', 'kid', 'always', 'want', 'one', 'frost', 'also', 'like', 'texture']","['maybe', 'slightly', 'big']",0.7345,0
High Drizzle,8,Very nice and even flavor,4,Heat it slightly or encourage to do so,"['nice', 'even', 'flavor']","['heat', 'slightly', 'encourage']",0.4754,0.4627
Low Drizzle,6,Taste was good,3,Texture is grainy and a bit too much cinnamon,"['taste', 'good']","['texture', 'grainy', 'bit', 'much', 'cinnamon']",0.4404,0
Low Drizzle,8,It had a really nice cinnamon flavor,4,I would like it a little more chewy and less clumpy,"['really', 'nice', 'cinnamon', 'flavor']","['would', 'like', 'little', 'chewy', 'less', 'clumpy']",0.4754,0.3612
High Drizzle,9,It was exactly how chewy I would want it and had a great amount of frosting,4,I would make the cinnamon flavor stronger,"['exactly', 'chewy', 'would', 'want', 'great', 'amount', 'frosting']","['would', 'make', 'cinnamon', 'flavor', 'stronger']",0.6597,0.3818
High Drizzle,6,Frosting was yummy!,3,A tad bigger and tad less cinnamon  Maybe make frosting more gooey,"['frost', 'yummy']","['tad', 'big', 'tad', 'less', 'cinnamon', 'maybe', 'make', 'frost', 'gooey']",0.5707,0
Low Drizzle,8,The flavor was powerful and fun  A mini sweet treat,4,Just tad fluffier or thicker,"['flavor', 'powerful', 'fun', 'mini', 'sweet', 'treat']","['tad', 'fluffy', 'thicker']",0.8957,0
Low Drizzle,6,The overall flavor was really good.,2,"It looks like it is going to be really hard, almost like a small hard cookie. More frosting.","['overall', 'flavor', 'really', 'good']","['look', 'like', 'go', 'really', 'hard', 'almost', 'like', 'small', 'hard', 'cookie', 'frosting']",0.4927,0.3847
High Drizzle,6,The amount of frosting.,4,Mine was crunchy in spots which could have been the cinnamon. The cinnamon flavor was very strong.,"['amount', 'frosting']","['mine', 'crunchy', 'spot', 'could', 'cinnamon', 'cinnamon', 'flavor', 'strong']",0,0.5563
High Drizzle,3,"Not much, its sweet so thats satisfying but its too sugary crunchy sweet and the texture is so gooey",1,"Are it feel a taste like bread, fluffy fresh baked rolls","['much', 'it\x92s', 'sweet', 'that\x92s', 'satisfy', 'it\x92s', 'sugary', 'crunchy', 'sweet', 'texture', 'gooey']","['feel', 'taste', 'like', 'bread', 'fluffy', 'fresh', 'bake', 'roll']",-0.4255,0.5859
Low Drizzle,3,Its sweet so I guess thats satisfying when I want a sweet treat,1,Why call it a roll? Its really like a small cookie or bite . Im disappointed its not a fresh fluffy roll. Its pretty sweet and strangely soft/ moist,"['it\x92s', 'sweet', 'guess', 'that\x92s', 'satisfy', 'want', 'sweet', 'treat']","['call', 'roll', 'it\x92s', 'really', 'like', 'small', 'cookie', 'bite', 'i\x92m', 'disappoint', 'it\x92s', 'fresh', 'fluffy', 'roll', 'it\x92s', 'pretty', 'sweet', 'strangely', 'soft', 'moist']",0.9055,0.408
Low Drizzle,4,Easy snack size,3,"Less chewy, less cinnomon","['easy', 'snack', 'size']","['less', 'chewy', 'less', 'cinnomon']",0.4404,0
High Drizzle,6,Snack size,4,Less frosting and less like a cookie,"['snack', 'size']","['less', 'frost', 'less', 'like', 'cookie']",0,0.2975
High Drizzle,8,The size because I be able to put in a bag for snack on the go with the kids,5,Not so much frosting,"['size', 'able', 'put', 'bag', 'snack', 'go', 'kid']","['much', 'frosting']",0,0
Low Drizzle,8,It was less sweet,5,Little more cinnamon taste,"['less', 'sweet']","['little', 'cinnamon', 'taste']",0.4033,0
Low Drizzle,2,Softness,1,Not sure. I generally dont eat room temp cinnamon rolls,['softness'],"['sure', 'generally', 'don\x92t', 'eat', 'room', 'temp', 'cinnamon', 'roll']",0,-0.2411
High Drizzle,4,Easy and portable,2,Less frosting.,"['easy', 'portable']","['less', 'frost']",0.4404,0
High Drizzle,6,The cinnamon flavor,4,Too much frosting made it too sweet,"['cinnamon', 'flavor']","['much', 'frosting', 'make', 'sweet']",0,0.4588
Low Drizzle,7,"The cinnamon flavor, not too sweet",4,Nothing,"['cinnamon', 'flavor', 'sweet']",['nothing'],-0.357,0
Low Drizzle,5,Overall taste,3,Size,"['overall', 'taste']",['size'],0,0
High Drizzle,7,Flavor,4,Size,['flavor'],['size'],0,0
High Drizzle,3,The cinnamon roll has very good flavor and a pleasant aftertaste. It is what I expect of a sweetness of a cinnamon roll.,2,I would call this a cinnamon roll. It is like a thick chewy cinnamon roll cookie but very dense. The texture of a protein snack. I would make it more bread like.,"['cinnamon', 'roll', 'good', 'flavor', 'pleasant', 'aftertaste', 'expect', 'sweetness', 'cinnamon', 'roll']","['would', 'call', 'cinnamon', 'roll', 'like', 'thick', 'chewy', 'cinnamon', 'roll', 'cookie', 'dense', 'texture', 'protein', 'snack', 'would', 'make', 'bread', 'like']",0.8655,0.6124
Low Drizzle,3,It is an easy treat. Eating wise it was not my favorite.,2,"Needs to be sweeter, more icing, more like a cinnamon roll if advertised as one. This left a weird tacky flavor in my mouth.","['easy', 'treat', 'eat', 'wise', 'favorite']","['need', 'sweeter', 'ice', 'like', 'cinnamon', 'roll', 'advertise', 'one', 'left', 'weird', 'tacky', 'flavor', 'mouth']",0.7367,0.3306
Low Drizzle,7,The softness and the chewiness,3,Needs to be a bit sweeter. Little more frosting.,"['softness', 'chewiness']","['need', 'bite', 'sweet', 'little', 'frosting']",0,0
High Drizzle,8,The softness and the chewiness.  Right amount of sweetness.,3,The appearance of The Frosting.  Needs to not look stringy.,"['softness', 'chewiness', 'right', 'amount', 'sweetness']","['appearance', 'frost', 'need', 'look', 'stringy']",0.4939,0
High Drizzle,7,It was softer than I thought it would be. The icing and cinnamon were good,3,I know they are mini but these are tiny. They look bigger in the pictures.  They look like actual cinnamon rolls in the pic. The. Actual product looks nothing lie that,"['soft', 'thought', 'would', 'ice', 'cinnamon', 'good']","['know', 'mini', 'tiny', 'look', 'big', 'picture', 'look', 'like', 'actual', 'cinnamon', 'roll', 'pic', 'actual', 'product', 'look', 'nothing', 'lie']",0.4404,0.5023
Low Drizzle,7,It matched the picture   Just the right amount of frosting  Great flavor,3,Nothing,"['match', 'picture', 'right', 'amount', 'frost', 'great', 'flavor']",['nothing'],0.6249,0
Low Drizzle,2,It has enough sweetness and a good flavor.,2,I would make it at least double the size. I would also add a lot more moisture and some more frosting.,"['enough', 'sweetness', 'good', 'flavor']","['would', 'make', 'least', 'double', 'size', 'would', 'also', 'add', 'lot', 'moisture', 'frost']",0.7269,0
High Drizzle,2,It has an appropriate amount of frosting.,5,I would make them double the size and increase the moisture.,"['appropriate', 'amount', 'frosting']","['would', 'make', 'double', 'size', 'increase', 'moisture']",0,0.3182
High Drizzle,9,They were much smaller than I expected. The burst of flavor in each bite was really good. The cinnamon didnt overpower overall flavor.,5,I would add a little bit more of the drizzle of frosting.,"['much', 'small', 'expect', 'burst', 'flavor', 'bite', 'really', 'good', 'cinnamon', 'didn\x92t', 'overpower', 'overall', 'flavor']","['would', 'add', 'little', 'bit', 'drizzle', 'frosting']",0.4927,0
Low Drizzle,8,The size are just right.,3,I take a tad bit of cinnamon out and maybe a little more moisture needed.,"['size', 'right']","['take', 'tad', 'bit', 'cinnamon', 'maybe', 'little', 'moisture', 'need']",0,0
Low Drizzle,1,Cinnamon flavor was the only thing I liked about this prodict.,1,I would make it less doughy and more fluffy.,"['cinnamon', 'flavor', 'thing', 'like', 'prodict']","['would', 'make', 'less', 'doughy', 'fluffy']",0.4215,0
High Drizzle,2,The frosting was the best part.,1,Make it less doughy and more less artificial tasting.  Not a great product.,"['frost', 'best', 'part']","['make', 'less', 'doughy', 'less', 'artificial', 'taste', 'great', 'product']",0.6369,-0.5096
High Drizzle,7,"Perfect portion size, great flavor",4,"It was too doughy, almost like raw dough which was not appealing","['perfect', 'portion', 'size', 'great', 'flavor']","['doughy', 'almost', 'like', 'raw', 'dough', 'appealing']",0.8316,0.2975
Low Drizzle,8,Flavor was perfect. Texture was what I was hoping for. Liked that it was soft but not too chewy.,5,Nothing for Low Drizzle,"['flavor', 'perfect', 'texture', 'hop', 'like', 'soft', 'chewy']","['nothing', 'Low Drizzle']",0.631,0
Low Drizzle,3,Flavor,2,"Much bigger, HAS TO BR FLAKY",['flavor'],"['much', 'big', 'br', 'flaky']",0,0
High Drizzle,3,Frosting,1,"Stop calling it a cinnamon roll, its a wad of dough.",['frost'],"['stop', 'call', 'cinnamon', 'roll', 'it\x92s', 'wad', 'dough']",0,-0.296
High Drizzle,7,Flavor of cinnamon,3,Some crunch possibly,"['flavor', 'cinnamon']","['crunch', 'possibly']",0,0
Low Drizzle,6,Liked the visible texture,4,Some crumble topping,"['like', 'visible', 'texture']","['crumble', 'topping']",0.4215,0
Low Drizzle,7,The size and overall concept that it is ready to eat and take on the go.,2,More frosting flavor and softer texture.,"['size', 'overall', 'concept', 'ready', 'eat', 'take', 'go']","['frost', 'flavor', 'soft', 'texture']",0.3612,0
High Drizzle,8,The extra amount of frosting and sweet flavor.,5,Needs a little more cinnamon flavor and still not soft or moist enough.,"['extra', 'amount', 'frost', 'sweet', 'flavor']","['need', 'little', 'cinnamon', 'flavor', 'still', 'soft', 'moist', 'enough']",0.4588,0
High Drizzle,2,The cinnamon taste,1,Its more of a cookie than a roll. Not what I expected. Very dense. I would want a real roll.,"['cinnamon', 'taste']","['it\x92s', 'cookie', 'roll', 'expect', 'dense', 'would', 'want', 'real', 'roll']",0,0.144
Low Drizzle,2,This tasted very strong. The product is more of a cookie than a traditional cinnamon roll. It disappointed me. I expected warm cinnamon bites.,1,More of a roll /bread texture that is less dense. Less cinnamon for such a small amount.,"['taste', 'strong', 'product', 'cookie', 'traditional', 'cinnamon', 'roll', 'disappoint', 'expect', 'warm', 'cinnamon', 'bite']","['roll', 'bread', 'texture', 'less', 'dense', 'less', 'cinnamon', 'small', 'amount']",0.3384,0
Low Drizzle,2,Size was ok for snack,2,"Less sweet, less grainy, less artificial and chemical flavor","['size', 'ok', 'snack']","['less', 'sweet', 'less', 'grainy', 'less', 'artificial', 'chemical', 'flavor']",0.296,0.4033
High Drizzle,3,Visually more attractive than previous sample. Frosting creates aesthetic appeal,2,Make less sweet and less grainy.  Make more fluffy.,"['visually', 'attractive', 'previous', 'sample', 'frost', 'creates', 'aesthetic', 'appeal']","['make', 'less', 'sweet', 'less', 'grainy', 'make', 'fluffy']",0.6478,0.4033
High Drizzle,3,Pre made,3,Too dense,"['pre', 'make']",['dense'],0,0
Low Drizzle,2,Pre made,2,"More frosting, softer, less dense","['pre', 'make']","['frost', 'soft', 'less', 'dense']",0,0
Low Drizzle,9,"I loved how sweet, moist and chewy these are.  They are the perfect size and wonderful for that sweet craving as well",1,Nothing,"['love', 'sweet', 'moist', 'chewy', 'perfect', 'size', 'wonderful', 'sweet', 'craving', 'well']",['nothing'],0.9607,0
High Drizzle,7,I like the size as it looked as it would be much larger from the photo. It had great frosting and texture,2,More moist and a little more flavoring to add to the sweetness and cinnamon taste.,"['like', 'size', 'look', 'would', 'much', 'large', 'photo', 'great', 'frosting', 'texture']","['moist', 'little', 'flavoring', 'add', 'sweetness', 'cinnamon', 'taste']",0.765,0.4939
High Drizzle,8,So perfectly chewy. Good cinnamon flavor.,5,Nothing. I would buy. My kids would love it.,"['perfectly', 'chewy', 'good', 'cinnamon', 'flavor']","['nothing', 'would', 'buy', 'kid', 'would', 'love']",0.8251,0.6369
Low Drizzle,6,The texture is so good. Chewy and moist. Cinnamon flavor is also very good. Sweet so you dont need a ton. Good small snack for kids.,4,"More frosting, looks lackluster with the little amount of frosting.","['texture', 'good', 'chewy', 'moist', 'cinnamon', 'flavor', 'also', 'good', 'sweet', 'don\x92t', 'need', 'ton', 'good', 'small', 'snack', 'kid']","['frost', 'look', 'lackluster', 'little', 'amount', 'frost']",0.9282,0
Low Drizzle,6,Small size,4,Less sugar,"['small', 'size']","['less', 'sugar']",0,0
High Drizzle,2,Small size,1,"Less frosting, less sweet","['small', 'size']","['less', 'frost', 'less', 'sweet']",0,0.3492
High Drizzle,7,I really liked the size,5,"It looks like a mini cookie, can it be more roll also it looks dry","['really', 'liked', 'size']","['look', 'like', 'mini', 'cookie', '\x93roll\x94', 'also', 'look', 'dry']",0.4754,0.3612
Low Drizzle,8,The frosting amount was perfect,4,More cinnamon,"['frost', 'amount', 'perfect']",['cinnamon'],0.5719,0
Low Drizzle,8,That it kept it taste as if you were to bake them in the oven,5,Just a tab bit softer,"['keep', 'taste', 'bake', 'oven']","['tab', 'bit', 'softer']",0,0
High Drizzle,7,That you can taste the flavor and they are small,4,Needs more flavor and just a little bit softer,"['taste', 'flavor', 'small']","['need', 'flavor', 'little', 'bit', 'soft']",0,0
High Drizzle,2,Easy to pick up and eat.,1,Make it fluffier and less chewy or dense. Flavor is so strong,"['easy', 'pick', 'eat']","['make', 'fluffy', 'less', 'chewy', 'dense', 'flavor', 'strong']",0.4404,0.6418
Low Drizzle,2,Easy to pick up and eat.,2,"Too chewy and soft, was more like a cookie","['easy', 'pick', 'eat']","['chewy', 'soft', 'like', 'cookie']",0.4404,0.4201
Low Drizzle,4,Not messy,2,Size bigger,['messy'],"['size', 'big']",0.2755,0
High Drizzle,4,Ample cinnamon flavor and visual,3,"Less dense, fluffier","['ample', 'cinnamon', 'flavor', 'visual']","['less', 'dense', 'fluffier']",0,0
High Drizzle,6,Cinnamon flavor was great and frosting was sweet,2,Actually make it look like a cinnamon roll instead of prepackaged cookie. I was expecting a mini baked cinnamon roll from a tube. Would make them slightly larger,"['cinnamon', 'flavor', 'great', 'frosting', 'sweet']","['actually', 'make', 'look', 'like', 'cinnamon', 'roll', 'instead', 'prepackaged', 'cookie', 'expect', 'mini', 'bake', 'cinnamon', 'roll', 'tube', 'would', 'make', 'slightly', 'large']",0.7964,0.3612
Low Drizzle,6,Very soft and moist,2,More cinnamon and more frosting. I want it to look like a mini cinnamon roll that would come out of the tube. Would like it slightly larger,"['soft', 'moist']","['cinnamon', 'frost', 'want', 'look', 'like', 'mini', 'cinnamon', 'roll', 'would', 'come', 'tube', 'would', 'like', 'slightly', 'large']",0,0.6786
Low Drizzle,8,It was moist and dense and had a good cinnamon flavor,4,I did not expect it to be so small,"['moist', 'dense', 'good', 'cinnamon', 'flavor']","['expect', 'small']",0.4404,0
High Drizzle,8,I like the strong cinnamon flavor and that it is not overly sweet,4,I think they could be a little bit bigger,"['like', 'strong', 'cinnamon', 'flavor', 'overly', 'sweet']","['think', 'could', 'little', 'bit', 'big']",0.5139,0
High Drizzle,7,The taste is great as well as the texture,3,The shape looks pretty flat but I could live with it,"['taste', 'great', 'well', 'texture']","['shape', 'look', 'pretty', 'flat', 'could', 'live']",0.7351,0.2732
Low Drizzle,7,Flavor,4,More cinnamon flavor,['flavor'],"['cinnamon', 'flavor']",0,0
Low Drizzle,5,I like the flavor and the softness of the cinnamon roll.,2,"Not enough frosting, frosting is too hard and not soft, product is more of a cookie than a cinnamon roll.","['like', 'flavor', 'softness', 'cinnamon', 'roll']","['enough', 'frost', 'frost', 'hard', 'soft', 'product', 'cookie', 'cinnamon', 'roll']",0.3612,-0.1027
High Drizzle,6,I like the flavor of the cinnamon roll as well as the texture.,3,I would make the frosting softer and the cookie bigger.,"['like', 'flavor', 'cinnamon', 'roll', 'well', 'texture']","['would', 'make', 'frosting', 'soft', 'cookie', 'big']",0.5574,0
High Drizzle,8,I really like the cinnamon flavor and overall taste. I especially like the texture and our kids would love these as  a special breakfast treat.,4,I would like if they were a bit smaller and taller.,"['really', 'like', 'cinnamon', 'flavor', 'overall', 'taste', 'especially', 'like', 'texture', 'kid', 'would', 'love', 'special', 'breakfast', 'treat']","['would', 'like', 'bit', 'small', 'taller']",0.9347,0.3612
Low Drizzle,8,"It tastes just like a mini cinnamon roll, so it met my expectations. Nice flavor, texture was a little gritty.",4,A little bigger and taller and a little less grit in the texture.,"['taste', 'like', 'mini', 'cinnamon', 'roll', 'meet', 'expectation', 'nice', 'flavor', 'texture', 'little', 'gritty']","['little', 'big', 'taller', 'little', 'less', 'grit', 'texture']",0.6486,0
Low Drizzle,3,Frosting,2,"Not so much cinnamon, make it a more doughy texture",['frost'],"['much', 'cinnamon', 'make', 'doughy', 'texture']",0,0
High Drizzle,6,"Better texture to a real cinnamon roll, not as strong cinnamon",2,Less cinnnamon,"['well', 'texture', 'real', 'cinnamon', 'roll', 'strong', 'cinnamon']","['less', 'cinnnamon']",0.0511,0
High Drizzle,7,The taste is enjoyable and sweet,4,It seems a bit dry and the size is quite small ~ it would take a lot to feed my kids. I would make it moist and increase the size by even just a little.,"['taste', 'enjoyable', 'sweet']","['seem', 'bit', 'dry', 'size', 'quite', 'small', 'would', 'take', 'lot', 'feed', 'kid', 'would', 'make', 'moist', 'increase', 'size', 'even', 'little']",0.7096,0.3182
Low Drizzle,7,The taste was good and not too sweet,4,More moist and slightly larger size,"['taste', 'good', 'sweet']","['moist', 'slightly', 'large', 'size']",0.1078,0
Low Drizzle,9,The overall flavor.;  good mix of cinnamon flavor and dough,5,A little more frosting or the option to microwave a small packet of frosting and dip in it,"['overall', 'flavor', 'good', 'mix', 'cinnamon', 'flavor', 'dough']","['little', 'frost', 'option', 'microwave', 'small', 'packet', 'frost', 'dip']",0.4404,0
High Drizzle,9,"The amount of cinnamon ,frosting , and dough made a really good mix",5,"Little larger size, depending on how many came in a serving","['amount', 'cinnamon', 'frost', 'dough', 'make', 'really', 'good', 'mix']","['little', 'large', 'size', 'depend', 'many', 'come', 'serve']",0.4927,0
High Drizzle,9,Overall this hit the make with the right combo of flavor and amount of each flavor,5,Make it a little bigger.,"['overall', 'hit', 'make', 'right', 'combo', 'flavor', 'amount', 'flavor']","['make', 'little', 'big']",0,0
Low Drizzle,7,Good flavor,3,Balance the flavors more like the first. More frosting.,"['good', 'flavor']","['balance', 'flavor', 'like', 'first', 'frosting']",0.4404,0.4201
Low Drizzle,3,I really liked the taste. Thought that it would be less taste than original size but it packed in the right amount of sweetness. I loved that it was chewy but not too chewy. Wish it was a little bit bigger in diameter,2,I would make it with a little more frosting.,"['really', 'liked', 'taste', 'think', 'would', 'less', 'taste', 'original', 'size', 'pack', 'right', 'amount', 'sweetness', 'love', 'chewy', 'chewy', 'wish', 'little', 'bit', 'big', 'diameter']","['would', 'make', 'little', 'frosting']",0.8841,0
High Drizzle,8,I liked that there was more frosting as not only do I want the cinnamon flavor but wanted the frosting just equal,4,Size is too small,"['like', 'frosting', 'want', 'cinnamon', 'flavor', 'want', 'frost', 'equal']","['size', 'small']",0.1996,0
High Drizzle,5,Good bite size amount.,3,Make product not so dense,"['good', 'bite', 'size', 'amount']","['make', 'product', 'dense']",0.4404,0
Low Drizzle,6,Not too much frosting,3,A little bigger in size,"['much', 'frosting']","['little', 'big', 'size']",0,0
Low Drizzle,7,The amount of cinnamon,3,"The look, it looks like a cookie not a cinnamon roll.","['amount', 'cinnamon']","['look', 'look', 'like', 'cookie', 'cinnamon', 'roll']",0,0.3612
High Drizzle,6,That it is moist.,3,"Too chewy, too muck like a cookie than a bread roll.",['moist'],"['chewy', 'muck', 'like', 'cookie', 'bread', 'roll']",0,0.3612
High Drizzle,8,It was a tasty snack and I could see wanting this driving on trips in the car.  Just enough and not too much.,4,Less frosting. We bake cinnamon rolls and leave off the frosting.,"['tasty', 'snack', 'could', 'see', 'want', 'drive', 'trip', 'car', 'enough', 'much']","['less', 'frost', 'bake', 'cinnamon', 'roll', 'leave', 'frost']",0,-0.0516
Low Drizzle,7,There is about the right amount of frosting but it seems a little more like a cookie and less like a cinnamon roll.  As a cookie it seems undone and gooey.,4,I liked the first one better if the first one had less frosting,"['right', 'amount', 'frost', 'seem', 'little', 'like', 'cookie', 'le', 'like', 'cinnamon', 'roll', 'cookie', 'seem', 'undone', 'gooey']","['like', 'first', 'one', 'good', 'first', 'one', 'less', 'frosting']",0.7611,0.6908
Low Drizzle,5,"I liked that it was like a cookie, not a cinnamon  roll.",2,"Well, if you want it to be a cinnamon roll then it needs to come apart, this is just like one solid piece","['like', 'like', 'cookie', 'cinnamon', 'roll']","['well', 'want', 'cinnamon', 'roll', 'need', 'come', 'apart', 'like', 'one', 'solid', 'piece']",0.6486,0.6705
High Drizzle,6,I do not like this. It tastes more artificial than the last one.,2,"I would make it taller, less frosting, swirled","['like', 'taste', 'artificial', 'last', 'one']","['would', 'make', 'taller', 'less', 'frosting', 'swirl']",-0.2755,0
High Drizzle,6,Size good for quick breakfast,3,Maybe could be heated up,"['size', 'good', 'quick', 'breakfast']","['maybe', 'could', 'heat']",0.4404,0
Low Drizzle,5,Size,4,More frosting,['size'],['frost'],0,0
Low Drizzle,5,Taste was dry not very appealing,4,More flavor or chewiness,"['taste', 'dry', 'appealing']","['flavor', 'chewiness']",0,0
High Drizzle,4,The frosting,3,Not soft enough should be served warm,['frost'],"['soft', 'enough', 'serve', 'warm']",0,0.2263
High Drizzle,9,"I could eat the whole roll in one bite, and it wasnt to big for my mouth to do so. Perfect size",5,"Its perfect, I would change nothing","['could', 'eat', 'whole', 'roll', 'one', 'bite', 'wasn\x92t', 'big', 'mouth', 'perfect', 'size']","['it\x92s', 'perfect', 'would', 'change', 'nothing']",0.6948,0.5719
Low Drizzle,8,Can eat the whole roll in one bite,4,Add more frosting,"['eat', 'whole', 'roll', 'one', 'bite']","['add', 'frost']",0,0
Low Drizzle,4,I enjoyed the flavor of the cinnamon roll.  The size was about right for a mini cinnamon roll.,3,The texture was not what I expected and not like any cinnamon roll Ive tasted.  It was chewy and more dense than I would like.,"['enjoy', 'flavor', 'cinnamon', 'roll', 'size', 'right', 'mini', 'cinnamon', 'roll']","['texture', 'expect', 'like', 'cinnamon', 'roll', 'i\x92ve', 'taste', 'chewy', 'dense', 'would', 'like']",0.5106,-0.4973
High Drizzle,7,I like the flavor and sweetness of the cinnamon roll.  The cinnamon roll had a generous amount of frosting.,4,The cinnamon roll was much too chewy.  The texture reminded me more of a cookie than a cinnamon roll.,"['like', 'flavor', 'sweetness', 'cinnamon', 'roll', 'cinnamon', 'roll', 'generous', 'amount', 'frosting']","['cinnamon', 'roll', 'much', 'chewy', 'texture', 'remind', 'cookie', 'cinnamon', 'roll']",0.8402,0
High Drizzle,2,Cinnamon flavor was good,1,Bad after taste/too small,"['cinnamon', 'flavor', 'good']","['bad', 'tastetoo', 'small']",0.4404,-0.5423
Low Drizzle,3,Good flavor,2,Bigger size and more frosting,"['good', 'flavor']","['big', 'size', 'frosting']",0.4404,0
Low Drizzle,8,The bite sized cinnamon flavor with sweet after tastes.,1,It was a little grainy.,"['bite', 'sized', 'cinnamon', 'flavor', 'sweet', 'taste']","['little', 'grainy']",0.4588,0
High Drizzle,9,Great flavor notes of cinnamon with the right amount of sweetness.,1,A little bigger in size and a smidge less grit.,"['great', 'flavor', 'note', 'cinnamon', 'right', 'amount', 'sweetness']","['little', 'big', 'size', 'smidge', 'less', 'grit']",0.8074,0
High Drizzle,1,I didnt like anything. It was disgusting.,1,It needs less cinnamon and a doughier texture. It is more like a cookie than a roll. The flavor was very off.,"['didn\x92t', 'like', 'anything', 'disgust']","['need', 'less', 'cinnamon', 'doughy', 'texture', 'like', 'cookie', 'roll', 'flavor']",-0.2263,0.4201
Low Drizzle,1,This is very disappointing. I miss the dough. Gross.,1,It needs to be more doughy. It needs more natural flavoring.,"['disappoint', 'miss', 'dough', 'gross']","['need', 'doughy', 'need', 'natural', 'flavoring']",-0.8162,0.4201
Low Drizzle,2,The flavor was great and it was the taste of a cinnamon roll,2,The texture was horrible it was extremely dry and was more the a biscuit type of cookie,"['flavor', 'great', 'taste', 'cinnamon', 'roll']","['texture', 'horrible', 'extremely', 'dry', 'biscuit', 'type', 'cookie']",0.6249,-0.5423
High Drizzle,2,I really like the amount of sweetness because its not overly sweet and the cinnamon flavor was just enough,2,The texture was way off it was not  soft like a real cinnamon roll and was like biscuit,"['really', 'like', 'amount', 'sweetness', 'it\x92s', 'overly', 'sweet', 'cinnamon', 'flavor', 'enough']","['texture', 'way', 'soft', 'like', 'real', 'cinnamon', 'roll', 'like', 'biscuit']",0.5443,-0.4973
High Drizzle,6,It reminded me of Christmas meaning the flavor. Maybe this should be a fall or winter special like the pumpkin spice.,2,Make them look more like cinnamon rolls they look like cookies with frosting.,"['remind', 'christmas', 'mean', 'flavor', 'maybe', 'fall', 'winter', 'special', 'like', 'pumpkin', 'spice']","['make', 'look', 'like', 'cinnamon', 'roll', 'look', 'like', 'cooky', 'frost']",0.6369,0.6794
Low Drizzle,5,Nothing really it just didn't do it for me,2,The texture its just too chewy in my mouth.,"['nothing', 'really', 'didnt']","['texture', 'it\x92s', 'chewy', 'mouth']",0,0
Low Drizzle,1,I liked nothing about it.,1,This tastes like an under baked cookie and not a cinnamon roll. Make it taste less like dough.,"['like', 'nothing']","['taste', 'like', 'baked', 'cookie', 'cinnamon', 'roll', 'make', 'taste', 'less', 'like', 'dough']",0.4215,0.6124
High Drizzle,1,Nothing. Cinnamon flavor was ok.,1,Make it taste less like a cookie and more like a cinnamon roll.,"['nothing', 'cinnamon', 'flavor', 'ok']","['make', 'taste', 'less', 'like', 'cookie', 'like', 'cinnamon', 'roll']",0.296,0.529
High Drizzle,8,The clusters of cinnamon were great as well as the flavor.,5,The icing didn't have much flavor. A cream cheese taste wouldve been nice.,"['cluster', 'cinnamon', 'great', 'well', 'flavor']","['ice', 'didnt', 'much', 'flavor', 'cream', 'cheese', 'taste', 'would\x92ve', 'nice']",0.7351,0.4215
Low Drizzle,7,The icing looked better than being drenched in it.,5,"A little more icing, more flavorful icing, more cinnamon, and a roll appearance would be nice.","['icing', 'look', 'well', 'drench']","['little', 'ice', 'flavorful', 'ice', 'cinnamon', 'roll', 'appearance', 'would', 'nice']",0.4404,0.4215
Low Drizzle,4,Frosting and cinnamon flavor,2,"Texture tastes too chewy and unbaked, too much like dough","['frost', 'cinnamon', 'flavor']","['texture', 'taste', 'chewy', 'unbaked', 'much', 'like', 'dough']",0,0.3612
High Drizzle,7,Like lots off frosting and size,4,Too chewy and doughy tasting to me,"['like', 'lot', 'frost', 'size']","['chewy', 'doughy', 'taste']",0.3612,0
High Drizzle,4,The flavor is spot on with like a Cinnabon product ~ which is yummy,3,Its much too dense like a thick chewy cookie or browny bite. A cinnamoroll should be more pastry like,"['flavor', 'spot', 'like', 'cinnabon', 'product', 'yummy']","['it\x92s', 'much', 'dense', 'like', 'thick', 'chewy', 'cookie', 'browny', 'bite', 'cinnamoroll', 'pastry', 'like']",0.7096,0.6124
Low Drizzle,2,"I think the cinnamon flavor is good but otherwise, I dont like this product much",1,Its needs to be more of a pastry. This is like a dense chewy cookie. I really wanted the texure of a cinnamon roll and not just the flavor.  This seems like a cinnamon roll flavored cookie or scone,"['think', 'cinnamon', 'flavor', 'good', 'otherwise', 'don\x92t', 'like', 'product', 'much']","['it\x92s', 'need', 'pastry', 'like', 'dense', 'chewy', 'cookie', 'really', 'want', 'texure', 'cinnamon', 'roll', 'flavor', 'seem', 'like', 'cinnamon', 'roll', 'flavor', 'cookie', 'scone']",0.6369,0.6124
Low Drizzle,8,The taste is good. Not the same texture of a normal cinnamon roll but I still liked it very much.,4,A little too small,"['taste', 'good', 'texture', 'normal', 'cinnamon', 'roll', 'still', 'like', 'much']","['little', 'small']",0.6858,0
High Drizzle,8,The texture,4,A little too small. Seems like a lot of frosting.,['texture'],"['little', 'small', 'seem', 'like', 'lot', 'frost']",0,0.3612
High Drizzle,7,"The size and flavor. More specifically, the bite size and rich but sweet flavor.",2,Make it slightly larger.,"['size', 'flavor', 'specifically', 'bite', 'size', 'rich', 'sweet', 'flavor']","['make', 'slightly', 'large']",0.743,0
Low Drizzle,6,The texture and moistness.,2,"Add more frosting!,","['texture', 'moistness']","['add', 'frost']",0,0
Low Drizzle,4,"The taste and size. The flavor was what I expected and the size was good, about two bites each.",1,"The texture and lack ofswirl. I would not call this a cinnamon roll, there was no roll to it.","['taste', 'size', 'flavor', 'expect', 'size', 'good', 'two', 'bite']","['texture', 'lack', 'ofswirl', 'would', 'call', 'cinnamon', 'roll', 'roll']",0.4404,-0.5423
High Drizzle,3,The frosting was a better proportion. The flavor was good. Lots of cinnamon.,2,The texture. It tastes like a squished muffin. It has NO SWIRL!,"['frost', 'good', 'proportion', 'flavor', 'good', 'lot', 'cinnamon']","['texture', 'taste', 'like', 'squish', 'muffin', 'swirl']",0.7003,-0.184
High Drizzle,3,The flavor of the icing,2,I think I would make it so it could be heated up and/or just more cookie-like. Meaning the texture is too dense and chewy,"['flavor', 'icing']","['think', 'would', 'make', 'could', 'heat', 'andor', 'cookielike', 'meaning', 'texture', 'dense', 'chewy']",0,0
Low Drizzle,4,Size,2,More frosting and cinnamon flavor. I did not like the texture it was too chewy. It would be better if it was crunchy and marketed as a cookie,['size'],"['frost', 'cinnamon', 'flavor', 'like', 'texture', 'chewy', 'would', 'better', 'crunchy', 'market', 'cookie']",0,0.1999
Low Drizzle,6,How dense in texture this was. Very good.,3,Put a little more cinnamon,"['dense', 'texture', 'good']","['put', 'little', 'cinnamon']",0.4927,0
High Drizzle,9,"Flavorful, full of texture, freshness and just the right amount of frosting.",5,"Nothing. This is absolutely perfect,","['flavorful', 'full', 'texture', 'freshness', 'right', 'amount', 'frost']","['nothing', 'absolutely', 'perfect']",0,0.6115
High Drizzle,7,Appearance was nice and consistent. Good consistency between both rolls.,3,Less grainy texture and more cinnamon flavor,"['appearance', 'nice', 'consistent', 'good', 'consistency', 'roll']","['less', 'grainy', 'texture', 'cinnamon', 'flavor']",0.6908,0
Low Drizzle,8,Great combination of flavor and texture. Packaging looks reflective of product,5,Slightly larger size would be good. Reduce count and increase size to make it seem healthier. I only had one?,"['great', 'combination', 'flavor', 'texture', 'packaging', 'look', 'reflective', 'product']","['slightly', 'large', 'size', 'would', 'good', 'reduce', 'count', 'increase', 'size', 'make', 'seem', 'healthy', '\x93i', 'one', '\x94']",0.6249,0.6369
