product_code,liking,liking_free_text,like_compound,meets_expectation,meets_expectation_free_text,meets_expectation_compound,product_improvement_free_text,prod_improve_compound,liking_free_text_no_punc_tokenized_no_stop_lemm,meets_expectation_free_text_no_punc_tokenized_no_stop_lemm,product_improvement_free_text_no_punc_tokenized_no_stop_lemm
Yoplait OSY,8,I like the taste. I like how creamy it is. I like the chunks of strawberries.,0.7579,4,I thought it would be bigger chunks of fruit since it says fruit on the bottom. It's mainly juice and small pieces of fruit at the bottom.,0,Thicker,0,"['like', 'taste', 'like', 'creamy', 'like', 'chunk', 'strawberry']","['thought', 'would', 'big', 'chunk', 'fruit', 'since', 'say', 'fruit', 'bottom', 'mainly', 'juice', 'small', 'piece', 'fruit', 'bottom']",['thicker']
Chobani Smooth,8,Great consistency. It lived up to the  smooth  name.,0.6249,4,None,0,Could use a little extra flavor,0,"['great', 'consistency', 'live', 'smooth', 'name']",['none'],"['could', 'use', 'little', 'extra', 'flavor']"
Yoplait OSY,9,I enjoy the flavor of the yogurt and the tart of it. I also like the amount of fruit on the bottom.,0.6908,3,I think the packaging shows everything this yogurt encompasses. I like the lettering that tell there is fruit on the bottom.,0.3612,I really enjoy this yogurt. I would keep it the same.,0.5413,"['enjoy', 'flavor', 'yogurt', 'tart', 'also', 'like', 'amount', 'fruit', 'bottom']","['think', 'packaging', 'show', 'everything', 'yogurt', 'encompasses', 'like', 'letter', 'tell', 'fruit', 'bottom']","['really', 'enjoy', 'yogurt', 'would', 'keep']"
Chobani Smooth,8,"Smooth and creamy with no seeds, tastes like strawberry ice cream.  No bad aftertaste.",-0.6597,5,"It said low fat, but didn't taste like low fat.  Was very impressed by the taste.",-0.071,Larger container and more varieties,0,"['smooth', 'creamy', 'seed', 'taste', 'like', 'strawberry', 'ice', 'cream', 'bad', 'aftertaste']","['say', 'low', 'fat', 'didnt', 'taste', 'like', 'low', 'fat', 'impress', 'taste']","['large', 'container', 'variety']"
Yoplait OSY,7,Did not have a sour taste like some Greek yogurts,0.3612,3,120 calories for nonfat yogurt seems like a lot.  Some of the wording was so small on the container I couldn't read it-under the pictures where it says Keep It Real.,0.3612,I'm not a real fan of the fruit that u stir into the product.  When I tore off the cover the top of the product was a bit watery and looked a little separated.,-0.0418,"['sour', 'taste', 'like', 'greek', 'yogurt']","['120', 'calorie', 'nonfat', 'yogurt', 'seem', 'like', 'lot', 'word', 'small', 'container', 'couldnt', 'read', 'itunder', 'picture', 'say', 'keep', 'real']","['im', 'real', 'fan', 'fruit', 'u', 'stir', 'product', 'tore', 'cover', 'top', 'product', 'bit', 'watery', 'look', 'little', 'separated']"
Chobani Smooth,4,It was very creamy. The bits of strawberry added flavor.,0,3,The content label was difficult to read and hard to find.,-0.4404,It was TOO sweet! Way too sweet. I would not buy this because of the 19 grams of sugar. I feel as though the protein content should meet or exceed the amount of sugar in a container of yogurt.,0.7424,"['creamy', 'bit', 'strawberry', 'add', 'flavor']","['content', 'label', 'difficult', 'read', 'hard', 'find']","['sweet', 'way', 'sweet', 'would', 'buy', '19', 'gram', 'sugar', 'feel', 'though', 'protein', 'content', 'meet', 'exceed', 'amount', 'sugar', 'container', 'yogurt']"
Yoplait OSY,8,"I like the creaminess, texture, and pleasant aftertaste. I really enjoy the thickness of this Chobani Greek Yogurt.",0.8516,4,"The average price is higher than expected, by about $0.20. This packaging isn't much different than the regular Chobani yogurt, so maybe to help stand out that this product has fruit on the bottom would be helpful.",0.6969,I would prefer slightly more fruit.,0,"['like', 'creaminess', 'texture', 'pleasant', 'aftertaste', 'really', 'enjoy', 'thickness', 'chobani', 'greek', 'yogurt']","['average', 'price', 'higher', 'expect', '020', 'packaging', 'isnt', 'much', 'different', 'regular', 'chobani', 'yogurt', 'maybe', 'help', 'stand', 'product', 'fruit', 'bottom', 'would', 'helpful']","['would', 'prefer', 'slightly', 'fruit']"
Chobani Smooth,7,"Very smooth, a great taste that's a balance of sweet and tangy. I liked that it tasted more like Greek yogurt than regular yogurt.",0.9181,4,"The package said it was regular yogurt, but it tasted like greek yogurt.",0.5023,"It was very watery. When I opened the lid, water splashed out. Even when I mixed it together, it was very runny.",0,"['smooth', 'great', 'taste', 'thats', 'balance', 'sweet', 'tangy', 'like', 'taste', 'like', 'greek', 'yogurt', 'regular', 'yogurt']","['package', 'say', 'regular', 'yogurt', 'taste', 'like', 'greek', 'yogurt']","['watery', 'open', 'lid', 'water', 'splash', 'even', 'mixed', 'together', 'runny']"
Yoplait OSY,9,I liked the strawberry flavor and the creamy Greek style consistency. I also liked the nutritional info.,0.6808,4,Try to communicate that the yogurt is Greek style but is creamy!,0,Eliminate or at least reduce the added cane sugar.,0,"['like', 'strawberry', 'flavor', 'creamy', 'greek', 'style', 'consistency', 'also', 'like', 'nutritional', 'info']","['try', 'communicate', 'yogurt', 'greek', 'style', 'creamy']","['eliminate', 'least', 'reduce', 'added', 'cane', 'sugar']"
Chobani Smooth,8,It has a nice pink color and pleasant strawberry smell.  I enjoyed the smooth texture and a good aftertaste.  The amount of sweetness was just right as well.,0.9485,4,It says real fruit but found none.  It was unexpected to have less sugar with as much sweetness as it had.  I'm also surprised it has more protein.,0.7684,I would like it to be a little thicker.  It should also have more/larger fruit pieces since the packaging says  real fruit .  I didn't have much fruit in my sample.,0.3612,"['nice', 'pink', 'color', 'pleasant', 'strawberry', 'smell', 'enjoy', 'smooth', 'texture', 'good', 'aftertaste', 'amount', 'sweetness', 'right', 'well']","['say', 'real', 'fruit', 'find', 'none', 'unexpected', 'less', 'sugar', 'much', 'sweetness', 'im', 'also', 'surprise', 'protein']","['would', 'like', 'little', 'thicker', 'also', 'morelarger', 'fruit', 'piece', 'since', 'packaging', 'say', 'real', 'fruit', 'didnt', 'much', 'fruit', 'sample']"
Yoplait OSY,8,good amount of real fruit mixed with yogurt  -just the right amount of sweetness  -liked the thickness and texture of this sample  -pleasant aftertaste,0.9042,3,,0,nothing comes to mind,0,"['good', 'amount', 'real', 'fruit', 'mixed', 'yogurt', 'right', 'amount', 'sweetness', 'like', 'thickness', 'texture', 'sample', 'pleasant', 'aftertaste']",['nan'],"['nothing', 'come', 'mind']"
Chobani Smooth,7,it was smooth without chunks,0,3,It was very watery...there was too much on the label making it hard to really see what makes it different from the other yogurts on the shelf,-0.1027,"I would make it thicker, it was too watery",0,"['smooth', 'without', 'chunk']","['waterythere', 'much', 'label', 'make', 'hard', 'really', 'see', 'make', 'different', 'yogurt', 'shelf']","['would', 'make', 'thicker', 'watery']"
Yoplait OSY,4,"It's a healthy, packaged option for getting protein. It's sweet, but not terribly sugary tasting. The design of the package is easy to hold.",0.8906,3,Nothing,0,It's almost too tart/yogurty tasting. I woudl prefer not to have to mix the yogurt. The first view of the product is somewhat unpleasant as it's watery and chunky.,-0.4228,"['healthy', 'package', 'option', 'get', 'protein', 'sweet', 'terribly', 'sugary', 'taste', 'design', 'package', 'easy', 'hold']",['nothing'],"['almost', 'tartyogurty', 'taste', 'woudl', 'prefer', 'mix', 'yogurt', 'first', 'view', 'product', 'somewhat', 'unpleasant', 'watery', 'chunky']"
Chobani Smooth,7,Smooth and creamy texture. Good flavor.,0.4404,5,Fruit bites were unexpected since that information was on side of container and not easy to see. I think fruit bites should be on front of container and not side so it is easily visible. It would be nice to have nutrition facts on container too.,0.4692,Subtract bits of fruit from product since I don't feel there were that many fruit bites anyways. Make less sweet. Place nutrition facts on container.,0.4033,"['smooth', 'creamy', 'texture', 'good', 'flavor']","['fruit', 'bite', 'unexpected', 'since', 'information', 'side', 'container', 'easy', 'see', 'think', 'fruit', 'bite', 'front', 'container', 'side', 'easily', 'visible', 'would', 'nice', 'nutrition', 'fact', 'container']","['subtract', 'bit', 'fruit', 'product', 'since', 'dont', 'feel', 'many', 'fruit', 'bite', 'anyways', 'make', 'less', 'sweet', 'place', 'nutrition', 'fact', 'container']"
Yoplait OSY,8,Creamy  Smooth  Filling  Ample chunks of strawberry  Real fruit  No after taste  Low in caleries  12 G protein,-0.5106,4,%of protein,0,Color - brighter pink  Sweeter,0.3818,"['creamy', 'smooth', 'filling', 'ample', 'chunk', 'strawberry', 'real', 'fruit', 'taste', 'low', 'caleries', '12', 'g', 'protein']",['protein'],"['color', 'brighter', 'pink', 'sweeter']"
Chobani Smooth,8,"I like the flavor of the yogurt, and it has a nice strawberry taste. It was creamy and smooth.",0.6486,4,"I usually eat greek yogurt, so I was surprised that it was similar in protein. The package does a good job of describing the product.",0.6222,"Nothing. I like that it's lower in sugar than other yogurts, and that it has more protein.",-0.5122,"['like', 'flavor', 'yogurt', 'nice', 'strawberry', 'taste', 'creamy', 'smooth']","['usually', 'eat', 'greek', 'yogurt', 'surprise', 'similar', 'protein', 'package', 'good', 'job', 'describe', 'product']","['nothing', 'like', 'low', 'sugar', 'yogurt', 'protein']"
Yoplait OSY,8,Thick creamy consistency and strong flavor,0.5106,5,healthful benefits of greek yogurt and calories,0.3818,it was perfect,0.5719,"['thick', 'creamy', 'consistency', 'strong', 'flavor']","['healthful', 'benefit', 'greek', 'yogurt', 'calorie']",['perfect']
Chobani Smooth,8,The creaminess and the smoothness.,0,4,I was surprised that nowhere on the package did it say to  Stir before consuming to get the best experience!,0.75,It needed mixing to get all of the products to be distributed evenly.,0,"['creaminess', 'smoothness']","['surprise', 'nowhere', 'package', 'say', 'stir', 'consume', 'get', 'best', 'experience']","['need', 'mix', 'get', 'product', 'distribute', 'evenly']"
Yoplait OSY,9,"Very satisfying, smooth, creamy",0.5095,3,nothing unexpected,0,would love to see sugars at 12 grams,0.6369,"['satisfy', 'smooth', 'creamy']","['nothing', 'unexpected']","['would', 'love', 'see', 'sugar', '12', 'gram']"
Chobani Smooth,9,"The yogurt is very creamy, the strawberry taste is not tart but very sweet and very present in the product, the chunks of fruit are nice and just the right amount.",0.8458,4,,0,More protein.,0,"['yogurt', 'creamy', 'strawberry', 'taste', 'tart', 'sweet', 'present', 'product', 'chunk', 'fruit', 'nice', 'right', 'amount']",['nan'],['protein']
Yoplait OSY,7,The packaging is nice and it clearly states what is inside: greek yogurt with strawberry on the bottom,0.6705,3,I don't think you need to say 0% milkfat AND non fat yogurt on the front packaging. It's the same thing...,0,I personally didn't think that the product was very pleasant to look at upon stirring. I just didn't think that the fruit looked fresh and tasty.,0.7089,"['packaging', 'nice', 'clearly', 'state', 'inside', 'greek', 'yogurt', 'strawberry', 'bottom']","['dont', 'think', 'need', 'say', '0', 'milkfat', 'non', 'fat', 'yogurt', 'front', 'packaging', 'thing']","['personally', 'didnt', 'think', 'product', 'pleasant', 'look', 'upon', 'stir', 'didnt', 'think', 'fruit', 'look', 'fresh', 'tasty']"
Chobani Smooth,7,level of sweetness - not too sugary,0.4939,3,says  full of real fruit  so I expected fruit chunks,0,"more viscous, less runny",0,"['level', 'sweetness', 'sugary']","['say', 'full', 'real', 'fruit', 'expect', 'fruit', 'chunk']","['viscous', 'less', 'runny']"
Yoplait OSY,8,"Creamy, nice strawberry flavor, not too sweet",0.0823,3,"Nothing, very straight forward",-0.2222,More strawberry chunks,0,"['creamy', 'nice', 'strawberry', 'flavor', 'sweet']","['nothing', 'straight', 'forward']","['strawberry', 'chunk']"
Chobani Smooth,3,I liked that the yogurt had more protein than regular yogurt.,0.4215,1,I was surprised that there wasn't an ingredient list of nutrition label on the actual cup of yogurt itself.,0.2263,It's too sour.  It's too thin and runny. It reminds me a little of one of those drinkable yogurts for small children.,0,"['like', 'yogurt', 'protein', 'regular', 'yogurt']","['surprised', 'wasnt', 'ingredient', 'list', 'nutrition', 'label', 'actual', 'cup', 'yogurt']","['sour', 'thin', 'runny', 'remind', 'little', 'one', 'drinkable', 'yogurt', 'small', 'child']"
Yoplait OSY,7,Not sweet. Small globs made seem rich/creamy/thick (like cottage cheese).,-0.357,3,Part almost gelatin taste. Did not have enough flavor.  Why restate non fat/0% milk fat?   Made will real fruit  felt like it was conveying a higher quantity of fruit than in contain.  Preserve yourself  makes it sound like there is something artificial to preserve you by eating.,0.6124,Strawberry pieces seemed limp/overly ripe-mushy texture. Hard to tell yogurt was strawberry flavor-almost a gelatin taste.,-0.1027,"['sweet', 'small', 'glob', 'make', 'seem', 'richcreamythick', 'like', 'cottage', 'cheese']","['part', 'almost', 'gelatin', 'taste', 'enough', 'flavor', 'restate', 'non', 'fat0', 'milk', 'fat', 'make', 'real', 'fruit', 'felt', 'like', 'convey', 'high', 'quantity', 'fruit', 'contain', 'preserve', 'make', 'sound', 'like', 'something', 'artificial', 'preserve', 'eat']","['strawberry', 'piece', 'seem', 'limpoverly', 'ripemushy', 'texture', 'hard', 'tell', 'yogurt', 'strawberry', 'flavoralmost', 'gelatin', 'taste']"
Chobani Smooth,7,Thin-ness of yogurt. Smoothness.,0,4,Did not expect the thin-ness of the yogurt or the taste to be so sweet. Would have liked nutritional value and label on package including calorie count.,0.8429,Make it not so sweet! Add more fruit.,-0.5288,"['thinness', 'yogurt', 'smoothness']","['expect', 'thinness', 'yogurt', 'taste', 'sweet', 'would', 'like', 'nutritional', 'value', 'label', 'package', 'include', 'calorie', 'count']","['make', 'sweet', 'add', 'fruit']"
Yoplait OSY,7,The strawberry flavor and the fruit pieces.,0,4,Just a little sour-not sure how that would be communicated on the package.,0.2551,It is a little sour tasting.,0,"['strawberry', 'flavor', 'fruit', 'piece']","['little', 'sournot', 'sure', 'would', 'communicate', 'package']","['little', 'sour', 'tasting']"
Chobani Smooth,7,Creamy and rich,0.5574,3,"No change to packaging, although I didn't know Chobani made a non-Greek yogurt. I see the packaging says classic but I had initially missed it. not sure how I would recommend to change it to increase awareness.",0.0918,"There was a slight tanginess or bitterness before the sweet finish. It's not that it needs more sweetness, but there is a noticeable tang to it.",0.3392,"['creamy', 'rich']","['change', 'packaging', 'although', 'didnt', 'know', 'chobani', 'make', 'nongreek', 'yogurt', 'see', 'packaging', 'say', 'classic', 'initially', 'missed', 'sure', 'would', 'recommend', 'change', 'increase', 'awareness']","['slight', 'tanginess', 'bitterness', 'sweet', 'finish', 'need', 'sweetness', 'noticeable', 'tang']"
Yoplait OSY,8,"creamy texture, strawberry flavor good",0.4404,3,Nothing really was what I expected,0,"less amount of strawberries to mix in, seeds bothered me a little",-0.3182,"['creamy', 'texture', 'strawberry', 'flavor', 'good']","['nothing', 'really', 'expect']","['less', 'amount', 'strawberry', 'mix', 'seed', 'bother', 'little']"
Chobani Smooth,7,The extra creamy consistency,0,4,"nothing. The package was very clear,     When I said I would like it thicker, I prefer yougurts that are not thin in texure, even those that are not greek.",0.659,a little thicker,0,"['extra', 'creamy', 'consistency']","['nothing', 'package', 'clear', 'say', 'would', 'like', 'thicker', 'prefer', 'yougurts', 'thin', 'texure', 'even', 'greek']","['little', 'thicker']"
Yoplait OSY,8,"I like the thickness, taste, texture, strawberry chunks and not just strawberry flavor. I like that it has a lot of protein and only 100 calories. I also like that it is a natural color and not artificially dyed.",0.8402,4,I had had this yogurt before so I knew what to expect but I paid closer attention this time and it tasted even better with a strong strawberry flavor.,0.8519,Have the size of the container fit the amount of yogurt so either make the cup smaller or put more yogurt in the cup.,0.3612,"['like', 'thickness', 'taste', 'texture', 'strawberry', 'chunk', 'strawberry', 'flavor', 'like', 'lot', 'protein', '100', 'calorie', 'also', 'like', 'natural', 'color', 'artificially', 'dye']","['yogurt', 'know', 'expect', 'pay', 'closer', 'attention', 'time', 'taste', 'even', 'well', 'strong', 'strawberry', 'flavor']","['size', 'container', 'fit', 'amount', 'yogurt', 'either', 'make', 'cup', 'small', 'put', 'yogurt', 'cup']"
Chobani Smooth,7,"Price, less sugar, more protein, strawberry flavor. I would have wanted to eat another one right after this because the flavor was good.",0.4404,3,Would like the nutrition information on containers.,0.3612,Make more filling. I would have had to eat both to feel like I was half full.,0.3612,"['price', 'le', 'sugar', 'protein', 'strawberry', 'flavor', 'would', 'want', 'eat', 'another', 'one', 'right', 'flavor', 'good']","['would', 'like', 'nutrition', 'information', 'container']","['make', 'filling', 'would', 'eat', 'feel', 'like', 'half', 'full']"
Yoplait OSY,8,Very Smooth and Creamy texture.,0,3,The amount of fruit at the bottom is a little misleading.  Needs to be more fruit.,-0.3415,"A little sweeter,  More strawberry chunks at the bottom of the cup.",0,"['smooth', 'creamy', 'texture']","['amount', 'fruit', 'bottom', 'little', 'misleading', 'need', 'fruit']","['little', 'sweeter', 'strawberry', 'chunk', 'bottom', 'cup']"
Chobani Smooth,7,I like the smooth texture and even flavors throughout,0.3612,4,Did not expect fruit chunks being as it is supposed to be smooth,0,"There were a few small fruit chunks that I did not like, especially because it is being marketed as smooth",-0.2755,"['like', 'smooth', 'texture', 'even', 'flavor', 'throughout']","['expect', 'fruit', 'chunk', 'suppose', 'smooth']","['small', 'fruit', 'chunk', 'like', 'especially', 'market', 'smooth']"
Yoplait OSY,4,I really liked the thickness of it - it felt heavy (solid),0.4754,2,The word  Greek  should be bigger/bolder to stand out more and the picture of the strawberry should be smaller,0,I would change the texture of the strawberries. It was too  jellied  and felt/tasted fake and artificial,-0.4767,"['really', 'liked', 'thickness', 'felt', 'heavy', 'solid']","['word', 'greek', 'biggerbolder', 'stand', 'picture', 'strawberry', 'small']","['would', 'change', 'texture', 'strawberry', 'jelly', 'felttasted', 'fake', 'artificial']"
Chobani Smooth,7,"Smoothness, the right amount of sweetness",0.4939,4,"It did not have very much strawberry flavor. If this is the intention, then maybe describe it as  strawberry kiss  or something.",0.4215,Increase strawberry flavor a little.,0.3182,"['smoothness', 'right', 'amount', 'sweetness']","['much', 'strawberry', 'flavor', 'intention', 'maybe', 'describe', 'strawberry', 'kiss', 'something']","['increase', 'strawberry', 'flavor', 'little']"
Yoplait OSY,8,"The nutrition label was one of the top reasons I liked this yogurt. I love that it is fat free!     Looking at the first page, I thought there were a variety of appealing flavors to choose from.    Taste: The texture was pretty good, but it could have been smoother. I stirred mine quite a bit and still had some small chunks of yogurt. However, I really liked the size and taste of the strawberries!",0.9244,5,"The only thing i found confusing was the outside package label, it stated  Strawberries on the bottom . This gave me the impression the yogurt would be sitting on strawberries and the consumer would have to mix them together. However, I opened the yogurt without shaking it, and the yogurt and strawberries were already mixed together with a salmon color. Therefore, this aspect of the product was misguiding.",0.1326,"Like above I would prefer a slightly bit smoother yogurt, but this would not prevent me from buying this in the future. This was a great product!",0.8216,"['nutrition', 'label', 'one', 'top', 'reason', 'like', 'yogurt', 'love', 'fat', 'free', 'look', 'first', 'page', 'think', 'variety', 'appeal', 'flavor', 'choose', 'taste', 'texture', 'pretty', 'good', 'could', 'smoother', 'stir', 'mine', 'quite', 'bit', 'still', 'small', 'chunk', 'yogurt', 'however', 'really', 'liked', 'size', 'taste', 'strawberry']","['thing', 'find', 'confuse', 'outside', 'package', 'label', 'state', 'strawberry', 'bottom', 'give', 'impression', 'yogurt', 'would', 'sit', 'strawberry', 'consumer', 'would', 'mix', 'together', 'however', 'open', 'yogurt', 'without', 'shake', 'yogurt', 'strawberry', 'already', 'mixed', 'together', 'salmon', 'color', 'therefore', 'aspect', 'product', 'misguiding']","['like', 'would', 'prefer', 'slightly', 'bit', 'smooth', 'yogurt', 'would', 'prevent', 'buying', 'future', 'great', 'product']"
Chobani Smooth,8,I liked the strawberry flavor and the fruit pieces.It was smooth and had a nice taste.,0.6808,3,I was surprised that this yogurt wasn't Greek yogurt. The packaging wasn't totally clear as I associate Chobani with Greek yogurt.,-0.1282,I'm not sure that I would change anything. I would like it better if it were Greek.,0.5327,"['like', 'strawberry', 'flavor', 'fruit', 'piecesit', 'smooth', 'nice', 'taste']","['surprised', 'yogurt', 'wasnt', 'greek', 'yogurt', 'packaging', 'wasnt', 'totally', 'clear', 'associate', 'chobani', 'greek', 'yogurt']","['im', 'sure', 'would', 'change', 'anything', 'would', 'like', 'good', 'greek']"
Yoplait OSY,9,I like the thickness of the yogurt and the taste of the Greek yogurt.  It was not sour or too sweet.  There was a good balance of strawberry to yogurt and I liked finding a chunk of strawberry.  I like the packaging because it is unique and easy to find in the yogurt section of a store.,0.9393,3,Nothing unexpected- this is a yogurt I commonly buy.,0,It would be nice to have more strawberry pieces.,0.4215,"['like', 'thickness', 'yogurt', 'taste', 'greek', 'yogurt', 'sour', 'sweet', 'good', 'balance', 'strawberry', 'yogurt', 'like', 'find', 'chunk', 'strawberry', 'like', 'package', 'unique', 'easy', 'find', 'yogurt', 'section', 'store']","['nothing', 'unexpected', 'yogurt', 'commonly', 'buy']","['would', 'nice', 'strawberry', 'piece']"
Chobani Smooth,6,"I liked the creaminess of the product. I also liked the nice, subtle flavor.",0.8126,4,I was surprised by the amount of creaminess and also the limited number of chunks of fruit.,0.0772,I would like to see more pieces of fruit in the yogurt. It seemed sort of skimpy on number of fruit pieces.,0.4215,"['liked', 'creaminess', 'product', 'also', 'like', 'nice', 'subtle', 'flavor']","['surprised', 'amount', 'creaminess', 'also', 'limit', 'number', 'chunk', 'fruit']","['would', 'like', 'see', 'piece', 'fruit', 'yogurt', 'seem', 'sort', 'skimpy', 'number', 'fruit', 'piece']"
Yoplait OSY,8,"Thick, creamy consistency - the thickness makes it seem more like a dessert!  Natural ingredients, good strawberry flavor, no growth hormones.",0.8461,4,Nothing - it has all the information I need and the information is easy to find.,0.4404,Would rather have the strawberry mixed into the yogurt (no fruit on the bottom).  I don't like the big strawberry pieces in the fruit on the bottom - not firm and fresh tasting.,-0.4717,"['thick', 'creamy', 'consistency', 'thickness', 'make', 'seem', 'like', 'dessert', 'natural', 'ingredient', 'good', 'strawberry', 'flavor', 'growth', 'hormone']","['nothing', 'information', 'need', 'information', 'easy', 'find']","['would', 'rather', 'strawberry', 'mixed', 'yogurt', 'fruit', 'bottom', 'dont', 'like', 'big', 'strawberry', 'piece', 'fruit', 'bottom', 'firm', 'fresh', 'taste']"
Chobani Smooth,9,"I love the  smooth  texture and the overall taste.  The texture feels like as it was extremely whipped (like whipping cream) and provides a different type of texture than traditional yogurt.  In my opinion, typical yogurt, is not as whipped as this version of yogurt.  Typical yogurt tends to be more separated than whipped.",0.7717,4,The current package does a great job on conveying the message of the yogurt type.,0.6249,I would love to see  fruit chunks  added as this would help to bring out the flavor and enhance it even more.,0.7845,"['love', 'smooth', 'texture', 'overall', 'taste', 'texture', 'feel', 'like', 'extremely', 'whip', 'like', 'whip', 'cream', 'provide', 'different', 'type', 'texture', 'traditional', 'yogurt', 'opinion', 'typical', 'yogurt', 'whip', 'version', 'yogurt', 'typical', 'yogurt', 'tend', 'separate', 'whip']","['current', 'package', 'great', 'job', 'convey', 'message', 'yogurt', 'type']","['would', 'love', 'see', 'fruit', 'chunk', 'add', 'would', 'help', 'bring', 'flavor', 'enhance', 'even']"
Yoplait OSY,7,"I liked the strawberry taste. I thought it had a good amount of sweetness, but not too sweet.It had a good amount of tartness too. I liked that it had a good amount of protein. I liked the serving size. It was a perfect amount for a snack.",0.9779,4,"When I buy for myself, I usually get Chobani that is already blended. That will change after this study, because I liked the flavor of this yogurt. The fruit on the bottom wasn't too chunky. I was expecting it to be more chunky. The fruit really cut the tartness that can be too much for me with plain greek yogurt. It was overall tastier than I was expecting.",0.1045,I didn't love the chunks. I like the fruit on the bottom to be smooth. It had quite a bit of sugar....15g per serving is more than I would like.,0.1611,"['like', 'strawberry', 'taste', 'think', 'good', 'amount', 'sweetness', 'sweetit', 'good', 'amount', 'tartness', 'like', 'good', 'amount', 'protein', 'like', 'serve', 'size', 'perfect', 'amount', 'snack']","['buy', 'usually', 'get', 'chobani', 'already', 'blend', 'change', 'study', 'like', 'flavor', 'yogurt', 'fruit', 'bottom', 'wasnt', 'chunky', 'expect', 'chunky', 'fruit', 'really', 'cut', 'tartness', 'much', 'plain', 'greek', 'yogurt', 'overall', 'tastier', 'expect']","['didnt', 'love', 'chunk', 'like', 'fruit', 'bottom', 'smooth', 'quite', 'bit', 'sugar15g', 'per', 'serve', 'would', 'like']"
Chobani Smooth,8,"Tastes great, sweet, smooth",0.7964,4,"Smooth on the label made me think the consistency would be a bit thicker and creamier, but was still good!",0.63,"A little runny, maybe a bit thicker, more fruit chunks",0,"['taste', 'great', 'sweet', 'smooth']","['smooth', 'label', 'make', 'think', 'consistency', 'would', 'bite', 'thicker', 'creamy', 'still', 'good']","['little', 'runny', 'maybe', 'bit', 'thick', 'fruit', 'chunk']"
Yoplait OSY,8,"Product was not too sweet, has a thicker taste (but not too thick) and has good flavor. Overall, it's something I would eat.",0.1078,3,,0,Consistency of the strawberry at the bottom might have been a little too thick.,0,"['product', 'sweet', 'thicker', 'taste', 'thick', 'good', 'flavor', 'overall', 'something', 'would', 'eat']",['nan'],"['consistency', 'strawberry', 'bottom', 'might', 'little', 'thick']"
Chobani Smooth,8,"I like the smooth and creamy texture and awesome taste, which was not too sweet.",0.6273,4,"This yogurt was smoother and creamier than I expected, packaging is representing of the product.",0,"I would have enjoyed more fruit chunks in the yogurt, but everything else about it I liked.",0.705,"['like', 'smooth', 'creamy', 'texture', 'awesome', 'taste', 'sweet']","['yogurt', 'smoother', 'creamier', 'expect', 'packaging', 'represent', 'product']","['would', 'enjoy', 'fruit', 'chunk', 'yogurt', 'everything', 'else', 'like']"
Yoplait OSY,8,LOTS OF FRUIT IN THE CUP. GOOD FLAVOR. VERY FILLING,0.4404,3,"NOTHING, I THINK THE PACKAGING SUITS THE PRODUCT.",0,THERE CAN ALWAYS BE MORE FRUIT.,0,"['lot', 'fruit', 'cup', 'good', 'flavor', 'filling']","['nothing', 'think', 'package', 'suit', 'product']","['always', 'fruit']"
Chobani Smooth,6,Creamy,0,1,"I thought there would be pieces of fruit in there,,even though it said smoothe,,it did not have very much fruit taste, I think I would change the packaging to say  FLAVORED  with fruit",0,Has an aftertaste and needs more fruit mixed in.,0,['creamy'],"['thought', 'would', 'piece', 'fruit', 'thereeven', 'though', 'say', 'smootheit', 'much', 'fruit', 'taste', 'think', 'would', 'change', 'package', 'say', 'flavor', 'fruit']","['aftertaste', 'need', 'fruit', 'mixed']"
Yoplait OSY,8,Mixture of fruit pieces with yogurt.  Only 120 calories.,0,3,Nothing,0,"Have pre-stirred, mixing fruit pieces with yogurt.",0,"['mixture', 'fruit', 'piece', 'yogurt', '120', 'calorie']",['nothing'],"['prestirred', 'mix', 'fruit', 'piece', 'yogurt']"
Chobani Smooth,9,It tasted like fresh fruit and was very filling.,0.5859,5,nothing,0,Nothing,0,"['taste', 'like', 'fresh', 'fruit', 'filling']",['nothing'],['nothing']
Yoplait OSY,9,Texture  Protein content  Consistency  Real fruit  Amount  Fullness,0,4,Emphasize the  non-fat  and  profits better the world,0.7003,More real fruit,0,"['texture', 'protein', 'content', 'consistency', 'real', 'fruit', 'amount', 'fullness']","['emphasize', 'nonfat', 'profit', 'well', 'world']","['real', 'fruit']"
Chobani Smooth,8,I liked the texture.  It was very smooth and creamy.  I liked that it wasn't too sweet.  It had a  clean  taste with no artificial or unpleasant aftertaste.,0.1331,4,"The package says pure milk and real fruit so I was expecting some fruit pieces.    I usually consider  blended  to mean no fruit pieces so even though this one said  smooth,  I thought there would be bits of the real fruit mentioned on the package.    Otherwise, I thought the package described the yogurt very well.",0.0498,I would like a little bit more fruit flavor and pieces of fruit.,0.3612,"['liked', 'texture', 'smooth', 'creamy', 'like', 'wasnt', 'sweet', 'clean', 'taste', 'artificial', 'unpleasant', 'aftertaste']","['package', 'say', 'pure', 'milk', 'real', 'fruit', 'expect', 'fruit', 'piece', 'usually', 'consider', 'blended', 'mean', 'fruit', 'piece', 'even', 'though', 'one', 'say', 'smooth', 'thought', 'would', 'bits', 'real', 'fruit', 'mention', 'package', 'otherwise', 'thought', 'package', 'describe', 'yogurt', 'well']","['would', 'like', 'little', 'bit', 'fruit', 'flavor', 'piece', 'fruit']"
Yoplait OSY,7,"I thought the actual yogurt was good, creamy, smooth and filling like I expect of greek yogurts. The packaging is eye pleasing.",0.8316,2,The large fresh-looking strawberries on the packaging are a bit misleading as it looks like you're going to experience a fresher fruit jam than what was actually in there.,-0.0516,"I tend to not like  fruit on the bottom  yogurts and this yogurt did not sway me to like it better. I wish there was a way for yogurt makers to have more of a fresh fruit, or even a fresher seeming  jam  in their yogurts but probably that wouldn't keep well enough. In any case, I didn't care for the strawberry jam that was added, or at least not enough to make me want to purchase it.",-0.4086,"['think', 'actual', 'yogurt', 'good', 'creamy', 'smooth', 'fill', 'like', 'expect', 'greek', 'yogurt', 'package', 'eye', 'pleasing']","['large', 'freshlooking', 'strawberry', 'package', 'bit', 'misleading', 'look', 'like', 'youre', 'go', 'experience', 'fresher', 'fruit', 'jam', 'actually']","['tend', 'like', 'fruit', 'bottom', 'yogurt', 'yogurt', 'sway', 'like', 'good', 'wish', 'way', 'yogurt', 'maker', 'fresh', 'fruit', 'even', 'fresher', 'seem', 'jam', 'yogurt', 'probably', 'wouldnt', 'keep', 'well', 'enough', 'case', 'didnt', 'care', 'strawberry', 'jam', 'add', 'least', 'enough', 'make', 'want', 'purchase']"
Chobani Smooth,7,"That it is smooth and creamy, has less sugar, is higher in protein than other regular yogurts. However, I my still opt for Greek yogurts that have a bit higher protein.  I like that it is non-GMO. The price is reasonable. I like that the fruit was blended in.",0.6124,4,"Nothing unexpected, but I think it was wise to have  classic  underlined as at first glance I thought it was greek yogurt..but I assume in a food aisle it may be differentiated by location and that it would be understood.",0.631,Make it thicker; the consistency was a bit too thin.Sugar content still seems a bit high for being 25% less.,0,"['smooth', 'creamy', 'less', 'sugar', 'high', 'protein', 'regular', 'yogurt', 'however', 'still', 'opt', 'greek', 'yogurt', 'bit', 'high', 'protein', 'like', 'nongmo', 'price', 'reasonable', 'like', 'fruit', 'blend']","['nothing', 'unexpected', 'think', 'wise', 'classic', 'underline', 'first', 'glance', 'think', 'greek', 'yogurtbut', 'assume', 'food', 'aisle', 'may', 'differentiate', 'location', 'would', 'understand']","['make', 'thicker', 'consistency', 'bit', 'thinsugar', 'content', 'still', 'seem', 'bit', 'high', '25', 'less']"
Yoplait OSY,8,"Thick and creamy  real strawberries gave it a good flavor, plus chunks of berries  5 grams of live cultures,  12 g. protein",0.4404,4,nothing,0,nothing,0,"['thick', 'creamy', 'real', 'strawberry', 'give', 'good', 'flavor', 'plus', 'chunks', 'berry', '5', 'gram', 'live', 'culture', '12', 'g', 'protein']",['nothing'],['nothing']
Chobani Smooth,8,"color, consistency, no big chunks of fruit",-0.296,5,no big chunks of fruit was unexpected.  the packaging should say  non-Greek  as Chobani is associated with Greek style yogurt,-0.296,less sweet.  more fruit flavor,0.4033,"['color', 'consistency', 'big', 'chunk', 'fruit']","['big', 'chunk', 'fruit', 'unexpected', 'packaging', 'say', 'nongreek', 'chobani', 'associate', 'greek', 'style', 'yogurt']","['less', 'sweet', 'fruit', 'flavor']"
Yoplait OSY,8,There is a lovely thickness to this product. I really liked the consistency and weight of it.  It  felt  like a substantial treat. The fruit flavor adds pops of interest.,0.9422,4,"The consistency was smooth even while the yogurt itself was more substantial.  That was very pleasing. If I'm going to consume something that represents between 5 and 10% of my daily caloric intake, I would like it to feel substantial/filling.",0.8067,"As with most Greek yogurt, there is a slight aftertaste. It isn't exactly unpleasant, but it is noticeable. Perhaps it is unavoidable.",0.1967,"['lovely', 'thickness', 'product', 'really', 'liked', 'consistency', 'weight', 'felt', 'like', 'substantial', 'treat', 'fruit', 'flavor', 'add', 'pops', 'interest']","['consistency', 'smooth', 'even', 'yogurt', 'substantial', 'please', 'im', 'go', 'consume', 'something', 'represent', '5', '10', 'daily', 'caloric', 'intake', 'would', 'like', 'feel', 'substantialfilling']","['greek', 'yogurt', 'slight', 'aftertaste', 'isnt', 'exactly', 'unpleasant', 'noticeable', 'perhaps', 'unavoidable']"
Chobani Smooth,8,"Texture, flavor and not having the fruit on the bottom",0,3,No calories or nutrition information on the package which I look at right away,-0.296,,0,"['texture', 'flavor', 'fruit', 'bottom']","['calorie', 'nutrition', 'information', 'package', 'look', 'right', 'away']",['nan']
Yoplait OSY,7,i like that it is creamy and has big pieces of fruit,0.3612,3,just how long it took to mix the fruit in,0,you have to stir it for a long time to mix it all in,0,"['like', 'creamy', 'big', 'piece', 'fruit']","['long', 'take', 'mix', 'fruit']","['stir', 'long', 'time', 'mix']"
Chobani Smooth,8,"It  was smooth & Creamy, It had the right amount of sweetness and overall great flavor.",0.8074,5,It had better flavor than I thought it would.,0.4404,I wouldn't change a thing.,0,"['smooth', 'creamy', 'right', 'amount', 'sweetness', 'overall', 'great', 'flavor']","['well', 'flavor', 'thought', 'would']","['wouldnt', 'change', 'thing']"
Yoplait OSY,8,creamy,0,3,nothing,0,make it sweeter,0,['creamy'],['nothing'],"['make', 'sweeter']"
Chobani Smooth,8,The taste is great!,0.6588,5,"Well because it's Chobani, I assume it to be a greek yogurt and so because it's not thick like greek yogurt, it throws me off. I would also like to know how the sugar is being reduced. Is it a sugar substitute? I see the package says all natural and non gmo but I'd still like to see the ingredients. The package also says real fruit, so I'd like to see some fruit in it.",-0.6298,It's a little watery. I'd like to see some strawberry in it.,0.3041,"['taste', 'great']","['well', 'chobani', 'assume', 'greek', 'yogurt', 'thick', 'like', 'greek', 'yogurt', 'throw', 'would', 'also', 'like', 'know', 'sugar', 'reduce', 'sugar', 'substitute', 'see', 'package', 'say', 'natural', 'non', 'gmo', 'id', 'still', 'like', 'see', 'ingredient', 'package', 'also', 'say', 'real', 'fruit', 'id', 'like', 'see', 'fruit']","['little', 'watery', 'id', 'like', 'see', 'strawberry']"
Yoplait OSY,7,"Pieces of fruit were perfect size,  not too big and blended in well with the yogurt.",0.7003,3,No aftertaste that usually accompanies a lot of Greek yogurt,-0.296,If there was a way to make it creamier and to bring out a little more of the strawberry flavor,0,"['piece', 'fruit', 'perfect', 'size', 'big', 'blend', 'well', 'yogurt']","['aftertaste', 'usually', 'accompany', 'lot', 'greek', 'yogurt']","['way', 'make', 'creamy', 'bring', 'little', 'strawberry', 'flavor']"
Chobani Smooth,8,creaminess with a little tang,0,4,"it tastes more greek (concentrated, thicker) than I expected. I was assuming it would be more french (yoplait - thiner) style",0,a little more fruit flavor,0,"['creaminess', 'little', 'tang']","['taste', 'greek', 'concentrate', 'thicker', 'expect', 'assume', 'would', 'french', 'yoplait', 'thiner', 'style']","['little', 'fruit', 'flavor']"
Yoplait OSY,8,"Non-GMO, live cultured robiotics good for digestion health, made w/real fruit, cane sugar, taste, texture.",0.4404,3,Less yogurt same size container is in reality false advertising. It makes me wonder if your quality has downsized as well.,0.2732,Because you are giving us less yogurt in the same size container. It looks very unappealing - shriveled up yogurt sitting in whey.  It looks spoilt. People eat with their eyes.   I would never pay $1.55 for this. Spend your money on product not advertising. People aren't as stupid as you think. The containers are pretty butyou are downsizing content.  No longer enough to make a quick breakfast or lunch.,0.7559,"['nongmo', 'live', 'culture', 'robiotics', 'good', 'digestion', 'health', 'make', 'wreal', 'fruit', 'cane', 'sugar', 'taste', 'texture']","['less', 'yogurt', 'size', 'container', 'reality', 'false', 'advertising', 'make', 'wonder', 'quality', 'downsize', 'well']","['give', 'u', 'less', 'yogurt', 'size', 'container', 'look', 'unappealing', 'shrivel', 'yogurt', 'sit', 'whey', 'look', 'spoilt', 'people', 'eat', 'eye', 'would', 'never', 'pay', '155', 'spend', 'money', 'product', 'advertising', 'people', 'arent', 'stupid', 'think', 'container', 'pretty', 'butyou', 'downsize', 'content', 'longer', 'enough', 'make', 'quick', 'breakfast', 'lunch']"
Chobani Smooth,7,Texture and flavor,0,4,I like the product's package. Excepted it seemed like the product was only half full. I also like less strawberry pieces.,0.7579,Nothing,0,"['texture', 'flavor']","['like', 'product', 'package', 'except', 'seem', 'like', 'product', 'half', 'full', 'also', 'like', 'less', 'strawberry', 'piece']",['nothing']
Yoplait OSY,8,The taste & creaminess was very good. I like that there were some little chunks of strawberries so you could really tell there were berries in the yogurt.,0.7159,3,Nothing,0,It seemed a little thin for greek yogurt.,0,"['taste', 'creaminess', 'good', 'like', 'little', 'chunk', 'strawberry', 'could', 'really', 'tell', 'berry', 'yogurt']",['nothing'],"['seem', 'little', 'thin', 'greek', 'yogurt']"
Chobani Smooth,8,"It's creamy, flavorful, (on the edge of) but not too sweet, fruity smelling and tasting, a bit tangy and affordable.",-0.4973,4,"Looks a bit  like a generic brand design, 2x protein and less sugar was a nice surprise and non GMO is a great plus",0.8817,add piece of strawberry,0,"['creamy', 'flavorful', 'edge', 'sweet', 'fruity', 'smell', 'taste', 'bit', 'tangy', 'affordable']","['look', 'bit', 'like', 'generic', 'brand', 'design', '2x', 'protein', 'less', 'sugar', 'nice', 'surprise', 'non', 'gmo', 'great', 'plus']","['add', 'piece', 'strawberry']"
Yoplait OSY,8,Thickness and great fruit flavor,0.6249,4,Nothing,0,Nothing,0,"['thickness', 'great', 'fruit', 'flavor']",['nothing'],['nothing']
Chobani Smooth,4,I like the packaging,0.3612,2,This product was neither smooth nor mild as the container label states.,0,"The consistency is thinner than I prefer.  The package indicates this is a  mild  yogurt, but I find it to be quite sour, more like a Greek style yogurt.  The package states this is a  smooth  yogurt, but there are several small chunks of fruit in it.",0.6231,"['like', 'packaging']","['product', 'neither', 'smooth', 'mild', 'container', 'label', 'state']","['consistency', 'thinner', 'prefer', 'package', 'indicate', 'mild', 'yogurt', 'find', 'quite', 'sour', 'like', 'greek', 'style', 'yogurt', 'package', 'state', 'smooth', 'yogurt', 'several', 'small', 'chunk', 'fruit']"
Yoplait OSY,8,Good flavor and it was very smooth.,0.4404,4,I din't think I would like the taste very much but I did.,-0.1419,I would have liked to have seen actual strawberry pieces instead of the jelly-like substance at the bottom of the container.,0.4215,"['good', 'flavor', 'smooth']","['dint', 'think', 'would', 'like', 'taste', 'much']","['would', 'like', 'see', 'actual', 'strawberry', 'piece', 'instead', 'jellylike', 'substance', 'bottom', 'container']"
Chobani Smooth,7,"I liked the overall strawberry flavor and that it was already mixed in, versus being fruit on the bottom that had to be stirred in. I also liked that it was so smooth and creamy. It was light, flavorful, and filling. It would make a great addition to a meal or a healthy snack.",0.9081,3,"Having eaten quite a bit of Chobani Greek Yogurt in the past, I was not expecting it to be so smooth (even though the package expressly stated it was smooth, like classic yogurt).",0.3612,"First, while I liked the smooth, creamy texture, it was slightly too runny. I would like it to have a little more consistency.     Second, it had an odd aftertaste - almost like fake sugar or too much sugar.",0.3976,"['like', 'overall', 'strawberry', 'flavor', 'already', 'mixed', 'versus', 'fruit', 'bottom', 'stir', 'also', 'like', 'smooth', 'creamy', 'light', 'flavorful', 'filling', 'would', 'make', 'great', 'addition', 'meal', 'healthy', 'snack']","['eaten', 'quite', 'bit', 'chobani', 'greek', 'yogurt', 'past', 'expect', 'smooth', 'even', 'though', 'package', 'expressly', 'state', 'smooth', 'like', 'classic', 'yogurt']","['first', 'like', 'smooth', 'creamy', 'texture', 'slightly', 'runny', 'would', 'like', 'little', 'consistency', 'second', 'odd', 'aftertaste', 'almost', 'like', 'fake', 'sugar', 'much', 'sugar']"
Yoplait OSY,7,the amount of protein and had lots of flavor.,0,3,,0,Lower price.,-0.296,"['amount', 'protein', 'lot', 'flavor']",['nan'],"['low', 'price']"
Chobani Smooth,7,I like the flavor and there was no after taste for me. The texture is nice and smooth.,0.4767,3,I thought it would be thicker.,0,I would like it a little thicker.,0.3612,"['like', 'flavor', 'taste', 'texture', 'nice', 'smooth']","['thought', 'would', 'thicker']","['would', 'like', 'little', 'thicker']"
Yoplait OSY,9,Good flavor and I like the fruit chunks.,0.6597,5,Mix before eating fruit on the bottom.,0,Mixing of the yogurt and make the cup bigger so it's slightly easier to mix.  Also if you don't mix it correctly you get a bitter taste.,-0.0076,"['good', 'flavor', 'like', 'fruit', 'chunk']","['mix', 'eat', 'fruit', 'bottom']","['mix', 'yogurt', 'make', 'cup', 'big', 'slightly', 'easy', 'mix', 'also', 'dont', 'mix', 'correctly', 'get', 'bitter', 'taste']"
Chobani Smooth,2,The texture and color look good,0.4404,1,I thought it would be sweeter,0,Its too sour and has a horrible after taste,-0.5423,"['texture', 'color', 'look', 'good']","['thought', 'would', 'sweeter']","['sour', 'horrible', 'taste']"
Yoplait OSY,7,the flavor is good.,0.4404,3,little thinner than other greek yogurt,0,texture is off just a little,0,"['flavor', 'good']","['little', 'thinner', 'greek', 'yogurt']","['texture', 'little']"
Chobani Smooth,6,Strawberry flavor was good.  Also the tangyness of the greek yogurt was perfect.,0.765,4,The tangyness was unexpected in a good way.  Package itself set my expectations of what was inside.,0.4404,More fresh strawberry pieces.,0.3804,"['strawberry', 'flavor', 'good', 'also', 'tangyness', 'greek', 'yogurt', 'perfect']","['tangyness', 'unexpected', 'good', 'way', 'package', 'set', 'expectation', 'inside']","['fresh', 'strawberry', 'piece']"
Yoplait OSY,9,It tastes like actual strawberries.  It's not unnaturally pink.  It's sweet enough.  The yogurt is easy to get at -- there's no lip to the container that you have to scoop under.,0.7783,4,"I didn't realize that this was a non-GMO product.  I don't think that I've heard that evaporated cane sugar was an ingredient.  I appreciate that the slogan was punctuated correctly, with the period inside of the quotation marks:  We believe fruit should come in pieces, not  flavors.",0.4019,It could be a little less sweet and still be very good.  A little more fruit would be nice.,0.8137,"['taste', 'like', 'actual', 'strawberry', 'unnaturally', 'pink', 'sweet', 'enough', 'yogurt', 'easy', 'get', 'there', 'lip', 'container', 'scoop']","['didnt', 'realize', 'nongmo', 'product', 'dont', 'think', 'ive', 'heard', 'evaporate', 'cane', 'sugar', 'ingredient', 'appreciate', 'slogan', 'punctuate', 'correctly', 'period', 'inside', 'quotation', 'mark', 'believe', 'fruit', 'come', 'piece', 'flavor']","['could', 'little', 'less', 'sweet', 'still', 'good', 'little', 'fruit', 'would', 'nice']"
Chobani Smooth,7,"Very smooth, low fat, small chunks of strawberry",-0.3353,3,I think it does a good job representing itself. It is much smoother than what i usually purchase. I like how big a it states  Smooth  on it.,0.6597,Stronger Strawberry flavor,0.3818,"['smooth', 'low', 'fat', 'small', 'chunk', 'strawberry']","['think', 'good', 'job', 'represent', 'much', 'smoother', 'usually', 'purchase', 'like', 'big', 'state', 'smooth']","['strong', 'strawberry', 'flavor']"
Yoplait OSY,9,"Thick,  creamy, not too sweet with a slight tang, fruit on the bottom, with some pieces of fruit, container was big enough to mix the fruit with the yoghurt.",-0.357,5,I did not find anything unexpected.,0,This particular product there wasn't much I would change.,0,"['thick', 'creamy', 'sweet', 'slight', 'tang', 'fruit', 'bottom', 'piece', 'fruit', 'container', 'big', 'enough', 'mix', 'fruit', 'yoghurt']","['find', 'anything', 'unexpected']","['particular', 'product', 'wasnt', 'much', 'would', 'change']"
Chobani Smooth,1,"I liked the texture.  It was very smooth, there were not any chunks in it.  I also liked the  color of the product.  The  coloring seemed very natural.  The price of the product is very good too.",0.8906,1,The over-powering taste of sour milk.  I really could not get past that.,0,The flavor.  I found it to have a very over-powering taste of sour milk.,0,"['liked', 'texture', 'smooth', 'chunk', 'also', 'like', 'color', 'product', 'coloring', 'seem', 'natural', 'price', 'product', 'good']","['overpower', 'taste', 'sour', 'milk', 'really', 'could', 'get', 'past']","['flavor', 'find', 'overpower', 'taste', 'sour', 'milk']"
Yoplait OSY,6,Texture of the yogurt,0,3,Like the picture of the strawberry. It tells me what is inside.,0.3612,More fruit on the bottom,0,"['texture', 'yogurt']","['like', 'picture', 'strawberry', 'tell', 'inside']","['fruit', 'bottom']"
Chobani Smooth,7,"The smooth, creamy texture.  The flavor was sweet, but no too sweet to be overpowering.",0.4939,4,"I was somewhat expecting pieces of fruit in it, even if just small pieces.",0,The aftertaste lingers a little more than I would prefer.,0,"['smooth', 'creamy', 'texture', 'flavor', 'sweet', 'sweet', 'overpowering']","['somewhat', 'expect', 'piece', 'fruit', 'even', 'small', 'piece']","['aftertaste', 'lingers', 'little', 'would', 'prefer']"
Yoplait OSY,8,"it is thick and creamy, good flavor",0.4404,4,I think maybe the sugar content.  Also when you first open the container the separation is not very appealing,0,"I am not a huge fan of fruit on the bottom yogurt.  So  maybe blended?  Also maybe a bit less sugar, but still keeping it sweet tasting",0.4657,"['thick', 'creamy', 'good', 'flavor']","['think', 'maybe', 'sugar', 'content', 'also', 'first', 'open', 'container', 'separation', 'appeal']","['huge', 'fan', 'fruit', 'bottom', 'yogurt', 'maybe', 'blend', 'also', 'maybe', 'bit', 'less', 'sugar', 'still', 'keep', 'sweet', 'tasting']"
Chobani Smooth,8,Very smooth and tasty.,0,4,That it contained 2X the protein.,0,Nothing.,0,"['smooth', 'tasty']","['contain', '2x', 'protein']",['nothing']
Yoplait OSY,8,Thick and creamy texture. Pleasant flavor. No after taste.,0.2732,4,"I am impressed with the 15% Calcium, great taste and 0% milk fat!",0.8172,Lower the price.,-0.296,"['thick', 'creamy', 'texture', 'pleasant', 'flavor', 'taste']","['impressed', '15', 'calcium', 'great', 'taste', '0', 'milk', 'fat']","['low', 'price']"
Chobani Smooth,8,Very smooth and creamy.  Lowfat usually has a funny taste to me but this product did not.  The packaging is appealing and I like that the word smooth is highlighted.  I like the cost (2 for $1.75).,0.8151,5,The yogurt does not have an aftertaste which is often common with lowfat products.  The packaging should show the word  lowfat  better as that may make a difference to many.,0.4404,Very little.  Perhaps a tad more strawberry flavoring.,0,"['smooth', 'creamy', 'lowfat', 'usually', 'funny', 'taste', 'product', 'packaging', 'appeal', 'like', 'word', 'smooth', 'highlight', 'like', 'cost', '2', '175']","['yogurt', 'aftertaste', 'often', 'common', 'lowfat', 'product', 'package', 'show', 'word', 'lowfat', 'well', 'may', 'make', 'difference', 'many']","['little', 'perhaps', 'tad', 'strawberry', 'flavor']"
Yoplait OSY,7,The flavor of the yogurt is something that I enjoy the most.  The texture of the yogurt was smooth.,0.4939,3,I think the package did a good job of representing the yogurt.,0.4404,Nothing,0,"['flavor', 'yogurt', 'something', 'enjoy', 'texture', 'yogurt', 'smooth']","['think', 'package', 'good', 'job', 'represent', 'yogurt']",['nothing']
Chobani Smooth,8,Has a good flavor and not too sweet.  Smooth texture like stated on the package.  Often non-greek yogurts taste so sugary and this one did not.,0.4442,5,The packaging represents the product well.  What I found unexpected was the sweetness.  It had a good fruit flavor that wasn't overpowered by sugar taste.,0.802,It is a bit runny/watery/thin.  I would like it a little bit thicker.,0.3612,"['good', 'flavor', 'sweet', 'smooth', 'texture', 'like', 'state', 'package', 'often', 'nongreek', 'yogurt', 'taste', 'sugary', 'one']","['packaging', 'represent', 'product', 'well', 'found', 'unexpected', 'sweetness', 'good', 'fruit', 'flavor', 'wasnt', 'overpower', 'sugar', 'taste']","['bit', 'runnywaterythin', 'would', 'like', 'little', 'bit', 'thicker']"
Yoplait OSY,7,I liked the flavor of the yougart and the mix in stuff and the packaging of the product.,0.4215,3,Unexpected was the amoun the small amount of yougart in the actual container. I would change nothing on the packaging.,0,"I don't know if you can change this, but when initially opening the container the first thing I saw was the water from the yougart. Also at the first appearance the mix in fuit is not visually appealing, looks like jelly thrown into the yougart container.    Do not like that the container is only half full if that, fill up the cup atleast 3/4 of the way or use a smaller container, otherwise it is disappointing and a waste.",-0.3612,"['like', 'flavor', 'yougart', 'mix', 'stuff', 'packaging', 'product']","['unexpected', 'amoun', 'small', 'amount', 'yougart', 'actual', 'container', 'would', 'change', 'nothing', 'packaging']","['dont', 'know', 'change', 'initially', 'open', 'container', 'first', 'thing', 'saw', 'water', 'yougart', 'also', 'first', 'appearance', 'mix', 'fuit', 'visually', 'appeal', 'look', 'like', 'jelly', 'thrown', 'yougart', 'container', 'like', 'container', 'half', 'full', 'fill', 'cup', 'atleast', '34', 'way', 'use', 'small', 'container', 'otherwise', 'disappointing', 'waste']"
Chobani Smooth,7,it was very smooth,0,4,How smooth the yogurt was.,0,Strawberry flavor was just a tad bitter,-0.4215,['smooth'],"['smooth', 'yogurt']","['strawberry', 'flavor', 'tad', 'bitter']"
Yoplait OSY,8,The chunks of strawberry in it.,0,4,Nothing unexpected. I like all the info on the packaging,-0.2755,Nothing,0,"['chunk', 'strawberry']","['nothing', 'unexpected', 'like', 'info', 'packaging']",['nothing']
Chobani Smooth,8,Very creamy with chunks of real fruit.  11 grams of protein.,0,4,Real chunks of strawberries.,0,A little thin.,0,"['creamy', 'chunk', 'real', 'fruit', '11', 'gram', 'protein']","['real', 'chunk', 'strawberry']","['little', 'thin']"
Yoplait OSY,8,The flavor is good and the texture is creamy.,0.4404,5,The flavor was better than I remember Chobani tasting in the past.,0.4404,nothing,0,"['flavor', 'good', 'texture', 'creamy']","['flavor', 'well', 'remember', 'chobani', 'taste', 'past']",['nothing']
Chobani Smooth,8,It really tasted like fresh strawberry.  There was a lot of pieces fruit in it. It was not chalky.,0.6533,5,I did not expect this great flavor. It really stood out. The package was really hard to read on the ingredients and nutrition label. The res with the white writing was really hard to see.,0.5406,"I would make it a little thicker, The consistency was a little runny.",0,"['really', 'taste', 'like', 'fresh', 'strawberry', 'lot', 'piece', 'fruit', 'chalky']","['expect', 'great', 'flavor', 'really', 'stood', 'package', 'really', 'hard', 'read', 'ingredient', 'nutrition', 'label', 'res', 'white', 'write', 'really', 'hard', 'see']","['would', 'make', 'little', 'thicker', 'consistency', 'little', 'runny']"
Yoplait OSY,8,Strawberry flavor was perfect & I liked the thick consistency.,0.7579,4,I would change the price.  It seems too high for just one.,0,Make the serving size larger for that price.,0,"['strawberry', 'flavor', 'perfect', 'like', 'thick', 'consistency']","['would', 'change', 'price', 'seem', 'high', 'one']","['make', 'serve', 'size', 'large', 'price']"
Chobani Smooth,8,I love how it had a strong taste in flavor.,0.8176,4,I like how the yogurt inside is presented on the outside package.,0.3612,What I would change is how heavy tasting the yogurt is. To make it better I would make it more smooth than heavy.,0.4404,"['love', 'strong', 'taste', 'flavor']","['like', 'yogurt', 'inside', 'present', 'outside', 'package']","['would', 'change', 'heavy', 'taste', 'yogurt', 'make', 'good', 'would', 'make', 'smooth', 'heavy']"
Yoplait OSY,8,I love the texture and flavor of the yogurt.,0.6369,4,Nothing. i think the package describes the product very well.,0.3384,I shake the product before I open it because it helps mix it up.,0.2263,"['love', 'texture', 'flavor', 'yogurt']","['nothing', 'think', 'package', 'describes', 'product', 'well']","['shake', 'product', 'open', 'help', 'mix']"
Chobani Smooth,6,Creamy texture.  Good portion size.,0.4404,3,Nothing.,0,Add more strawberry flavor.,0,"['creamy', 'texture', 'good', 'portion', 'size']",['nothing'],"['add', 'strawberry', 'flavor']"
Yoplait OSY,8,"It tasted really good.  Not too heavy of a strawberry taste, just enough",0.4927,5,I thought that the fruit at the bottom might have a bad taste or texture so I was apprehensive at first.  But it wastn at all,-0.3071,nothing,0,"['taste', 'really', 'good', 'heavy', 'strawberry', 'taste', 'enough']","['think', 'fruit', 'bottom', 'might', 'bad', 'taste', 'texture', 'apprehensive', 'first', 'wastn']",['nothing']
Chobani Smooth,8,"It's smooth, creamy and easily blend able (mixing in the fruit with yogurt part).",0.34,5,SO smooth and creamy,0,Specify the Amount of protein on the package,0,"['smooth', 'creamy', 'easily', 'blend', 'able', 'mixing', 'fruit', 'yogurt', 'part']","['smooth', 'creamy']","['specify', 'amount', 'protein', 'package']"
Yoplait OSY,8,I enjoy the fruit at the bottom and overall the taste creamy and smooth.,0.4939,3,Everything is what I expected,0,Nothing,0,"['enjoy', 'fruit', 'bottom', 'overall', 'taste', 'creamy', 'smooth']","['everything', 'expect']",['nothing']
Chobani Smooth,8,"the strawberry flavor was deep , II also texture - thick but not too thick",0,4,the labeling was ok,0.296,the packaging I hate the ridge on the inside,-0.5719,"['strawberry', 'flavor', 'deep', 'ii', 'also', 'texture', 'thick', 'thick']","['label', 'ok']","['package', 'hate', 'ridge', 'inside']"
Yoplait OSY,6,It has good flavor and good texture with the yogurt.,0.7003,2,Make the strawberry flavor better and add more to the bottom of the cup.,0.4404,The strawberry flavor wasn't strong enough.,-0.4023,"['good', 'flavor', 'good', 'texture', 'yogurt']","['make', 'strawberry', 'flavor', 'well', 'add', 'bottom', 'cup']","['strawberry', 'flavor', 'wasnt', 'strong', 'enough']"
Chobani Smooth,9,I like that it tastes smooth and creamy. The taste is really nice and I also like the thickness/density.,0.796,5,,0,,0,"['like', 'taste', 'smooth', 'creamy', 'taste', 'really', 'nice', 'also', 'like', 'thicknessdensity']",['nan'],['nan']
Yoplait OSY,7,I like the strawberry flavor and it is the right amount of sweet flavor. Creamy too.,0.6705,3,,0,Nothing,0,"['like', 'strawberry', 'flavor', 'right', 'amount', 'sweet', 'flavor', 'creamy']",['nan'],['nothing']
Chobani Smooth,7,"all natural, good flavor, smooth and creamy",0.6597,3,sweeter than expected,0,fruit pieces,0,"['natural', 'good', 'flavor', 'smooth', 'creamy']","['sweeter', 'expect']","['fruit', 'piece']"
Yoplait OSY,7,The taste,0,3,,0,The appearance of the strawberries - I'd make them look fresher,0,['taste'],['nan'],"['appearance', 'strawberry', 'id', 'make', 'look', 'fresher']"
Chobani Smooth,6,The flavor is pretty good. I like that it's high in protein and lower in fat and sugar than regular greek yogurt.,0.7506,3,I thought it would have a thicker texture.,0,Thicker texture. Even less sweet. More strawberry pieces.,0.4033,"['flavor', 'pretty', 'good', 'like', 'high', 'protein', 'lower', 'fat', 'sugar', 'regular', 'greek', 'yogurt']","['thought', 'would', 'thicker', 'texture']","['thicker', 'texture', 'even', 'less', 'sweet', 'strawberry', 'piece']"
Yoplait OSY,7,The yogurt is thick. The fruit flavor is good.,0.4404,3,Packaging seemed fine.,0.2023,Not the biggest fan of fruit on the bottom style yogurt.,-0.2411,"['yogurt', 'thick', 'fruit', 'flavor', 'good']","['packaging', 'seem', 'fine']","['big', 'fan', 'fruit', 'bottom', 'style', 'yogurt']"
Chobani Smooth,7,I liked how creamy it was and how the taste was consistent throughout the product. Like there wasn't any spots where it tasted like bland yogurt.,0.7783,2,The packaging looked so cheap. It looked exactly like anything Target brand and you can barely see the Chobani logo. I would not pick out this yogurt in stores because I would probably walk by it and think it was Target starting a yogurt.,0.3612,"I would make it a tiny bit more thick in consistency, I liked the creamy texture but it was almost slippery which is not my favorite in a yogurt. I disliked greatly the packaging. If they did one big change, it would have to be the packaging.",-0.7068,"['like', 'creamy', 'taste', 'consistent', 'throughout', 'product', 'like', 'wasnt', 'spot', 'taste', 'like', 'bland', 'yogurt']","['packaging', 'look', 'cheap', 'look', 'exactly', 'like', 'anything', 'target', 'brand', 'barely', 'see', 'chobani', 'logo', 'would', 'pick', 'yogurt', 'store', 'would', 'probably', 'walk', 'think', 'target', 'start', 'yogurt']","['would', 'make', 'tiny', 'bit', 'thick', 'consistency', 'like', 'creamy', 'texture', 'almost', 'slippery', 'favorite', 'yogurt', 'dislike', 'greatly', 'package', 'one', 'big', 'change', 'would', 'package']"
Yoplait OSY,8,"I liked the strawberry flavor, it's very sweet, not tart,creamy.",0.7264,5,Sweetness-sweeter than expected.,0,Nothing,0,"['like', 'strawberry', 'flavor', 'sweet', 'tartcreamy']","['sweetnesssweeter', 'expect']",['nothing']
Chobani Smooth,8,"thickness of the yogurt, and the taste",0,5,.,0,possibly add more fruit chunks,0,"['thickness', 'yogurt', 'taste']",[],"['possibly', 'add', 'fruit', 'chunk']"
Yoplait OSY,8,"It had good flavor, creamy, no aftertaste that was bad",-0.4215,3,The package seems pretty clear - it was expected.,0.7003,"Less sugar if possible, I'm not a huge fan of the chunks of fruit - wish they mixed in better",0.3971,"['good', 'flavor', 'creamy', 'aftertaste', 'bad']","['package', 'seem', 'pretty', 'clear', 'expect']","['less', 'sugar', 'possible', 'im', 'huge', 'fan', 'chunk', 'fruit', 'wish', 'mixed', 'good']"
Chobani Smooth,8,"creamy and the texture, good tast",0.4404,4,the taste flavor of the fruit,0,nothing,0,"['creamy', 'texture', 'good', 'tast']","['taste', 'flavor', 'fruit']",['nothing']
Yoplait OSY,8,"It's smooth and taste's like the natural strawberry flavor. Also, it had a good aftertaste.",0.7845,4,I didn't realize how much protein was in the product. That's a good thing and should stand out more on the package.,0.4404,Increase the size of the package.,0.3182,"['smooth', 'taste', 'like', 'natural', 'strawberry', 'flavor', 'also', 'good', 'aftertaste']","['didnt', 'realize', 'much', 'protein', 'product', 'thats', 'good', 'thing', 'stand', 'package']","['increase', 'size', 'package']"
Chobani Smooth,7,I liked the thickness and flavor of it.,0.4215,4,"Smoother, thick yogurt, with great flavor.",0.6249,Add bigger chunks of strawberries to it.,0,"['liked', 'thickness', 'flavor']","['smoother', 'thick', 'yogurt', 'great', 'flavor']","['add', 'big', 'chunk', 'strawberry']"
Yoplait OSY,7,DIDN'T LEAVE A WEIRD AFTER TASTE IN MY MOUTH & IT WASN'T TOO TART,0.1695,2,NOT AS FRUITY AS I WOULD HAVE LIKED,0.4215,"MORE FRUIT, LESS SUGAR & A LITTLE TOO THICK.",0,"['didnt', 'leave', 'weird', 'taste', 'mouth', 'wasnt', 'tart']","['fruity', 'would', 'like']","['fruit', 'le', 'sugar', 'little', 'thick']"
Chobani Smooth,9,"It has a very smooth texture, not powdery or clumpy.  I like that it only has natural coloringing.  I like that there isn't fruit on the bottom or fruit pieces in it, so I don't have to mix it before I eat it...I can just eat it!  It's not too sweet and it has the ideal strawberry flavor to it.  It's thick, so it feels like I'm eating greek yogurt.  The price is a good deal.",0.9203,5,"I like that the packaging is colorful and playful and has all the information on it.  However the word  classic  doesn't resonate with me.  I've seen this before where companies use  original  or  classic  and if I wasn't a user with their original recipe, then I don't care.  Perhaps,  natural  would be a good option.  Or maybe a coined term can be made.   greek-like.   While I do like that the packaging is colorful, it doesn't match the almost white product inside, but I think that's OK.  If I saw someone holding that bright red container, I would want to know what they are eating.  And as mentioned above I like the product as is.",0.95,Nothing.,0,"['smooth', 'texture', 'powdery', 'clumpy', 'like', 'natural', 'color', 'like', 'isnt', 'fruit', 'bottom', 'fruit', 'piece', 'dont', 'mix', 'eat', 'iti', 'eat', 'sweet', 'ideal', 'strawberry', 'flavor', 'thick', 'feel', 'like', 'im', 'eat', 'greek', 'yogurt', 'price', 'good', 'deal']","['like', 'package', 'colorful', 'playful', 'information', 'however', 'word', 'classic', 'doesnt', 'resonate', 'ive', 'see', 'company', 'use', 'original', 'classic', 'wasnt', 'user', 'original', 'recipe', 'dont', 'care', 'perhaps', 'natural', 'would', 'good', 'option', 'maybe', 'coin', 'term', 'make', 'greeklike', 'like', 'package', 'colorful', 'doesnt', 'match', 'almost', 'white', 'product', 'inside', 'think', 'thats', 'ok', 'saw', 'someone', 'hold', 'bright', 'red', 'container', 'would', 'want', 'know', 'eat', 'mention', 'like', 'product']",['nothing']
Chobani Smooth,3,Creamy,0,2,Very fake flavor taste - almost chemical.,-0.5256,Add fruit pieces,0,['creamy'],"['fake', 'flavor', 'taste', 'almost', 'chemical']","['add', 'fruit', 'piece']"
Chobani Smooth,9,I like the flavor and the smoothness,0.3612,5,The flavor was unexpected,0,More strawberries,0,"['like', 'flavor', 'smoothness']","['flavor', 'unexpected']",['strawberry']
Chobani Smooth,7,"packaging is very appealing, tasted pretty good for low fat",0.6444,3,Was very filling  Replace word Smooth on top of package with low fat classic yogurt - make low fat more visible,-0.34,Have more of a strawberry taste,0,"['package', 'appeal', 'taste', 'pretty', 'good', 'low', 'fat']","['fill', 'replace', 'word', 'smooth', 'top', 'package', 'low', 'fat', 'classic', 'yogurt', 'make', 'low', 'fat', 'visible']","['strawberry', 'taste']"
Chobani Smooth,6,"Wide container cup design, real fruit pieces, texture, 25% less sugar 2x more protein advertised on product, Chobani smooth low-fat classic yogurt description",0,3,.,0,lower price,-0.296,"['wide', 'container', 'cup', 'design', 'real', 'fruit', 'piece', 'texture', '25', 'less', 'sugar', '2x', 'protein', 'advertise', 'product', 'chobani', 'smooth', 'lowfat', 'classic', 'yogurt', 'description']",[],"['low', 'price']"
Chobani Smooth,5,Creamy texture.  Strawberry flavor.,0,3,Nothing wrong with the packaging.,0.3724,"It had a slight, IDK, chalky taste?",-0.2808,"['creamy', 'texture', 'strawberry', 'flavor']","['nothing', 'wrong', 'packaging']","['slight', 'idk', 'chalky', 'taste']"
Chobani Smooth,7,"Flavor, consistancy",0,3,No nutrition label,-0.296,Color was not appealing,0,"['flavor', 'consistancy']","['nutrition', 'label']","['color', 'appeal']"
Chobani Smooth,8,"creamy, smooth",0,3,needs more real fruit,0,add more strawberry flavor and strawberries,0,"['creamy', 'smooth']","['need', 'real', 'fruit']","['add', 'strawberry', 'flavor', 'strawberry']"
Chobani Smooth,8,the creaminess of the yogurt.,0,4,nothing,0,oth,0,"['creaminess', 'yogurt']",['nothing'],['oth']
Chobani Smooth,8,"It is nice, smooth and thick texture.",0.4215,4,It is low-fat but taste like regular yogurt.,0.5023,"If it can be a little bit sweeter without adding more gram of sugar, that would be better.",0.4404,"['nice', 'smooth', 'thick', 'texture']","['lowfat', 'taste', 'like', 'regular', 'yogurt']","['little', 'bit', 'sweeter', 'without', 'add', 'gram', 'sugar', 'would', 'better']"
Chobani Smooth,7,It is very smooth and creamy.,0,2,Not very much flavor and is a little too runny.,0,It needs to have pieces of strawberries added for more flavor as well as to have a slightly thicker consistency.,0.3321,"['smooth', 'creamy']","['much', 'flavor', 'little', 'runny']","['need', 'piece', 'strawberry', 'add', 'flavor', 'well', 'slightly', 'thick', 'consistency']"
Chobani Smooth,8,"great flavor, smooth and easy to eat",0.7906,5,add nutrition information,0,,0,"['great', 'flavor', 'smooth', 'easy', 'eat']","['add', 'nutrition', 'information']",['nan']
Chobani Smooth,3,I liked the shape of the bowl/container.  It was easier to eat out of and I felt like I had more yogurt than the Yoplait I usually have.,0.7964,2,"It was not sweet enough.  I guess the package said less sugar, but I didn't realize it would impact the taste that much.",-0.1877,It was not as sweet as I had hoped.  There were some bits of yogurt that were not blended in so I'd get a glob here or there.  The globs were not berries.,0.031,"['liked', 'shape', 'bowlcontainer', 'easy', 'eat', 'felt', 'like', 'yogurt', 'yoplait', 'usually']","['sweet', 'enough', 'guess', 'package', 'say', 'less', 'sugar', 'didnt', 'realize', 'would', 'impact', 'taste', 'much']","['sweet', 'hop', 'bit', 'yogurt', 'blend', 'id', 'get', 'glob', 'glob', 'berry']"
Chobani Smooth,8,Right amount of strawberry flavor.,0,4,Something to make you more aware that it isn't greek yogurt.,0,Nothing,0,"['right', 'amount', 'strawberry', 'flavor']","['something', 'make', 'aware', 'isnt', 'greek', 'yogurt']",['nothing']
Chobani Smooth,8,"Perfect size for a snack, also easy to use container for children. I refilled it for my little one and there was no spills.",0.6597,5,The package could say something like  not like other yogurts it's smooth .,0.6124,"Add fruit bits inside the yogurt, really tiny so they are in every bit.",0,"['perfect', 'size', 'snack', 'also', 'easy', 'use', 'container', 'child', 'refill', 'little', 'one', 'spill']","['package', 'could', 'say', 'something', 'like', 'like', 'yogurt', 'smooth']","['add', 'fruit', 'bit', 'inside', 'yogurt', 'really', 'tiny', 'every', 'bit']"
Chobani Smooth,7,"It wasn't overly sweet, had a light texture to it.",-0.357,4,The look of the consistency of the yogurt.,0,"Add a bit more flavor, maybe add some strawberry pieces in it.",0,"['wasnt', 'overly', 'sweet', 'light', 'texture']","['look', 'consistency', 'yogurt']","['add', 'bit', 'flavor', 'maybe', 'add', 'strawberry', 'piece']"
Chobani Smooth,9,"very smooth, great taste.  Love the tartness, it's a little subtle but definitely there",0.8148,4,"the tartness, in a way  classic  probably conveys this but not outright.",0,A little more strawberry flavor and/or sweetness.  Not a lot but just a touch,0.2732,"['smooth', 'great', 'taste', 'love', 'tartness', 'little', 'subtle', 'definitely']","['tartness', 'way', 'classic', 'probably', 'conveys', 'outright']","['little', 'strawberry', 'flavor', 'andor', 'sweetness', 'lot', 'touch']"
Chobani Smooth,7,Flavor,0,3,,0,Sweeter,0,['flavor'],['nan'],['sweeter']
Chobani Smooth,8,texture and taste,0,5,how smooth the yogurt was,0,have some types that offer a mix in of some kind-granola?,0,"['texture', 'taste']","['smooth', 'yogurt']","['type', 'offer', 'mix', 'kindgranola']"
Chobani Smooth,4,the creamy texture,0,3,na,0,more strawberry flavor,0,"['creamy', 'texture']",['na'],"['strawberry', 'flavor']"
Chobani Smooth,7,it is smooth and texture is good,0.4404,3,na,0,flavor it needs to be sweeter as its semi tart,0,"['smooth', 'texture', 'good']",['na'],"['flavor', 'need', 'sweeter', 'semi', 'tart']"
Chobani Smooth,9,taste and smoothness,0,5,nothing,0,nothing,0,"['taste', 'smoothness']",['nothing'],['nothing']
Chobani Smooth,8,The texture is smooth and it was very flavorful. The strawberries were good too,0.4404,5,At first I thought it would be very plain because it was a low fat and because the design reminded me of Greek yogurt,-0.2732,Strawberries more chunky,0,"['texture', 'smooth', 'flavorful', 'strawberry', 'good']","['first', 'think', 'would', 'plain', 'low', 'fat', 'design', 'remind', 'greek', 'yogurt']","['strawberry', 'chunky']"
Chobani Smooth,8,"good taste, smooth consistency. not too tart",0.4404,4,nothing,0,more strawberries,0,"['good', 'taste', 'smooth', 'consistency', 'tart']",['nothing'],['strawberry']
Chobani Smooth,7,Tastes pretty good. I like strawberry.,0.8225,4,I liked it a little more than I thought I would.,0.4215,It would be nice if there wasn't so much liquid on top when I open it. Kind of grosses me out.,0.4215,"['taste', 'pretty', 'good', 'like', 'strawberry']","['like', 'little', 'thought', 'would']","['would', 'nice', 'wasnt', 'much', 'liquid', 'top', 'open', 'kind', 'gross']"
Chobani Smooth,8,Smooth texture and good strawberry taste.,0.4404,5,Not sour or tart.    Rich flavor.,0.5574,add more fruit pieces.,0,"['smooth', 'texture', 'good', 'strawberry', 'taste']","['sour', 'tart', 'rich', 'flavor']","['add', 'fruit', 'piece']"
Chobani Smooth,8,It is smooth and creamy. It has a good strawberry flavor.,0.4404,4,It was very smooth and creamy.,0,The strawberry flavor could have been a little bit stronger.,0.323,"['smooth', 'creamy', 'good', 'strawberry', 'flavor']","['smooth', 'creamy']","['strawberry', 'flavor', 'could', 'little', 'bit', 'strong']"
Chobani Smooth,7,It tasted like greek yogurt but it wasn't. It wasn't quite as thick as a greek yogurt.,0.1901,2,"I think I thought it would have more of a standard yogurt taste even tho it was made by Chobani. I don't mind greek yogurt but if a person did not like it, they might be disappointed in the flavor.",-0.7792,I'm sure everyone knows Chobani as Greek Yogurt but maybe somehow change the name so it also mentions it is a greek yogurt flavor.,0.1655,"['taste', 'like', 'greek', 'yogurt', 'wasnt', 'wasnt', 'quite', 'thick', 'greek', 'yogurt']","['think', 'think', 'would', 'standard', 'yogurt', 'taste', 'even', 'tho', 'make', 'chobani', 'dont', 'mind', 'greek', 'yogurt', 'person', 'like', 'might', 'disappoint', 'flavor']","['im', 'sure', 'everyone', 'know', 'chobani', 'greek', 'yogurt', 'maybe', 'somehow', 'change', 'name', 'also', 'mention', 'greek', 'yogurt', 'flavor']"
Chobani Smooth,7,Lot's of strawberry flavor and was not tart at all.,0,5,Had a good taste for a less sugar product.,0.4404,Looked a little funny when first opened. Also a little pricey.,0.3832,"['lot', 'strawberry', 'flavor', 'tart']","['good', 'taste', 'less', 'sugar', 'product']","['look', 'little', 'funny', 'first', 'open', 'also', 'little', 'pricey']"
Chobani Smooth,7,"Good taste, not bland.",0.4404,3,Because of the name I expected it to be really smooth and have a good texture and it really didn't.,0.4404,the texture was kind of griddy. I wish it would be more smooth.,0.4019,"['good', 'taste', 'bland']","['name', 'expect', 'really', 'smooth', 'good', 'texture', 'really', 'didnt']","['texture', 'kind', 'griddy', 'wish', 'would', 'smooth']"
Chobani Smooth,3,The creaminess,0,2,"The package said  classic yogurt  but doesn't taste like classic yogurt to me at all (which I would consider Yoplait, Dannon, etc).",-0.395,"Better flavor (stronger strawberry flavor), more strawberry chunks.  I don't like the smell or aftertaste -- it's bitter, not sweet.",-0.5408,['creaminess'],"['package', 'say', 'classic', 'yogurt', 'doesnt', 'taste', 'like', 'classic', 'yogurt', 'would', 'consider', 'yoplait', 'dannon', 'etc']","['well', 'flavor', 'strong', 'strawberry', 'flavor', 'strawberry', 'chunk', 'dont', 'like', 'smell', 'aftertaste', 'bitter', 'sweet']"
Chobani Smooth,7,#NAME?,0,3,I thought the packaging was very appealing.,0,#NAME?,0,['name'],"['think', 'packaging', 'appeal']",['name']
Chobani Smooth,7,creamy texture,0,3,include greek yougurt on label info.,0,,0,"['creamy', 'texture']","['include', 'greek', 'yougurt', 'label', 'info']",['nan']
Chobani Smooth,8,It's texture and taste,0,4,"I thought the packaging was good.  I would have liked to have seen the ingredients listed.  If it was on the cover, I tossed it.",0.6908,I would add more fruit,0,"['texture', 'taste']","['think', 'packaging', 'good', 'would', 'like', 'see', 'ingredient', 'list', 'cover', 'toss']","['would', 'add', 'fruit']"
Chobani Smooth,8,"Creamy,lots of fruit",0,4,That it was regular yogurt and not Greek yogurt,0,"Fill cup fuller,cup was a little under 3/4 full",0,"['creamylots', 'fruit']","['regular', 'yogurt', 'greek', 'yogurt']","['fill', 'cup', 'fullercup', 'little', '34', 'full']"
Chobani Smooth,7,It was mostly smooth. I got 2 small chunks. I like the 11 gm of protein. It's lowfat.,0.3612,3,"The package should say SMOOTH AND THICK, not classic smooth.",0,"It's too thick, almost glue-like. It's not sweet enough for a snack crave. It's fine a a nutritional breakfast or a quick meal. It looks bland.",-0.1729,"['mostly', 'smooth', 'get', '2', 'small', 'chunk', 'like', '11', 'gm', 'protein', 'lowfat']","['package', 'say', 'smooth', 'thick', 'classic', 'smooth']","['thick', 'almost', 'gluelike', 'sweet', 'enough', 'snack', 'crave', 'fine', 'nutritional', 'breakfast', 'quick', 'meal', 'look', 'bland']"
Chobani Smooth,2,not lumpy,0,1,"The container being 1/2 full was the first surprise, the second surprise was the fact that the yogurt was gray in color.  Adding more strawberries would make it more pink.  Don't use food coloring.  I added a couple strawberries and suddenly it was pink.",0.4939,"Needs more fruit!  I had to add 2 strawberries to be able to taste the strawberry flavor.    Also, the container was 1/2 full so I suggest using a smaller container or fill the existing container.  I think a smaller container is a better idea.",0.4926,['lumpy'],"['container', '12', 'full', 'first', 'surprise', 'second', 'surprise', 'fact', 'yogurt', 'gray', 'color', 'add', 'strawberry', 'would', 'make', 'pink', 'dont', 'use', 'food', 'coloring', 'add', 'couple', 'strawberry', 'suddenly', 'pink']","['need', 'fruit', 'add', '2', 'strawberry', 'able', 'taste', 'strawberry', 'flavor', 'also', 'container', '12', 'full', 'suggest', 'use', 'small', 'container', 'fill', 'exist', 'container', 'think', 'small', 'container', 'well', 'idea']"
Chobani Smooth,8,This product was creamy and a great color.,0.6249,2,There was nothing unexpected.  I might add a little more sweetner as it was a bit tart.,0,It was very tart.  and I wasn't sure I could take the aftertaste,-0.2411,"['product', 'creamy', 'great', 'color']","['nothing', 'unexpected', 'might', 'add', 'little', 'sweetner', 'bit', 'tart']","['tart', 'wasnt', 'sure', 'could', 'take', 'aftertaste']"
Chobani Smooth,3,creamy,0,3,too much red on outside of container,0,the creamy-ness,0,['creamy'],"['much', 'red', 'outside', 'container']",['creamyness']
Chobani Smooth,6,good strawberry flavor,0.4404,3,no changes,-0.296,aftertaste,0,"['good', 'strawberry', 'flavor']",['change'],['aftertaste']
Chobani Smooth,9,I really like how smooth and creamy it is.,0.4201,5,"The smooth and creamy is right on! The packaging is truthful, no change needed.",0.2714,I would add bigger pieces of strawberry.,0,"['really', 'like', 'smooth', 'creamy']","['smooth', 'creamy', 'right', 'package', 'truthful', 'change', 'need']","['would', 'add', 'big', 'piece', 'strawberry']"
Chobani Smooth,3,smell and color,0,3,I wouldn't change anything with the packaging,0,add more strawberry,0,"['smell', 'color']","['wouldnt', 'change', 'anything', 'packaging']","['add', 'strawberry']"
Chobani Smooth,7,"I thought that the taste was very good, not too sweet.",0.1811,3,"Packaging stated  full of Real Fruit , none visible. I was also surprised to see that the package contained 2 servings. This seems misleading as this would likely be eaten all at once.",-0.2023,I would like it to be thicker and have pieces of fruit. The consistency seemed thin. A larger selection of flavors to choose from would also be good.,0.6597,"['think', 'taste', 'good', 'sweet']","['packaging', 'state', 'full', 'real', 'fruit', 'none', 'visible', 'also', 'surprise', 'see', 'package', 'contain', '2', 'serving', 'seem', 'mislead', 'would', 'likely', 'eat']","['would', 'like', 'thicker', 'piece', 'fruit', 'consistency', 'seem', 'thin', 'large', 'selection', 'flavor', 'choose', 'would', 'also', 'good']"
Chobani Smooth,7,Nice flavor like the smooth texture very creamy.,0.6486,4,The flavor was quite good for being a low fat product,0.2716,Could use a little more real fruit to enhance the flavor.  The color was pale not very pleasing to the eye.  Seemed to have a little bitter after taste.,-0.6705,"['nice', 'flavor', 'like', 'smooth', 'texture', 'creamy']","['flavor', 'quite', 'good', 'low', 'fat', 'product']","['could', 'use', 'little', 'real', 'fruit', 'enhance', 'flavor', 'color', 'pale', 'please', 'eye', 'seem', 'little', 'bitter', 'taste']"
Chobani Smooth,7,was tasty,0,3,a little thin for yogurt,0,make it thicker,0,['tasty'],"['little', 'thin', 'yogurt']","['make', 'thicker']"
Chobani Smooth,3,Attractive packaging and easy open container,0.7003,2,The flavor was very sour tasting,0,More strawberry flavor and add some fruit chunks,0,"['attractive', 'packaging', 'easy', 'open', 'container']","['flavor', 'sour', 'tasting']","['strawberry', 'flavor', 'add', 'fruit', 'chunk']"
Chobani Smooth,5,I liked the creamy smoothness-thick without being pasty,0.4215,3,I expected it to be tart and it wasn't at all,0,"more strawberry chunks, and more strawberry flavor",0,"['like', 'creamy', 'smoothnessthick', 'without', 'pasty']","['expect', 'tart', 'wasnt']","['strawberry', 'chunk', 'strawberry', 'flavor']"
Chobani Smooth,8,the smoothness of the texture,0,4,good packaging,0.4404,make it a little less tart,0,"['smoothness', 'texture']","['good', 'packaging']","['make', 'little', 'less', 'tart']"
Chobani Smooth,6,Good fruit flavor.  Wasn't overly sweet.,0.1078,3,I wouldn't change anything on the packaging.,0,Would taste better with even more berry flavor.  It was a little too runny.,0.4404,"['good', 'fruit', 'flavor', 'wasnt', 'overly', 'sweet']","['wouldnt', 'change', 'anything', 'packaging']","['would', 'taste', 'good', 'even', 'berry', 'flavor', 'little', 'runny']"
Chobani Smooth,8,texture is very creamy  has a nice strawberry flavor,0.4703,4,I thought there would be chunks of strawberries in it,0,add fruit pieces,0,"['texture', 'creamy', 'nice', 'strawberry', 'flavor']","['thought', 'would', 'chunk', 'strawberry']","['add', 'fruit', 'piece']"
Chobani Smooth,9,"Great tasting, Chunks of strawberries, smooth texture and no bad after taste.",-0.1531,5,Flavor.  Much better than I expected it to taste.  The packaging is nice and bright colored.,0.8225,Add more chucks of strawberries.,0,"['great', 'taste', 'chunk', 'strawberry', 'smooth', 'texture', 'bad', 'taste']","['flavor', 'much', 'well', 'expect', 'taste', 'packaging', 'nice', 'bright', 'color']","['add', 'chuck', 'strawberry']"
Chobani Smooth,8,I liked the strawberry flavor and the little tiny chunks of strawberries in it .,0.4215,3,"I thought the packaging was very good , honest and represented exactly what was inside.",0.7764,I would add granola to this yogurt to make it taste better.,0.4404,"['like', 'strawberry', 'flavor', 'little', 'tiny', 'chunk', 'strawberry']","['think', 'package', 'good', 'honest', 'represent', 'exactly', 'inside']","['would', 'add', 'granola', 'yogurt', 'make', 'taste', 'well']"
Chobani Smooth,8,"Good amount of strawberry flavor, very creamy and smooth",0.4404,5,I was expecting it to taste more like greek yogurt because of the container but it tasted like regular yogurt which I prefer.,0.6794,Add more strawberry chunks,0,"['good', 'amount', 'strawberry', 'flavor', 'creamy', 'smooth']","['expect', 'taste', 'like', 'greek', 'yogurt', 'container', 'taste', 'like', 'regular', 'yogurt', 'prefer']","['add', 'strawberry', 'chunk']"
Chobani Smooth,6,"creaminess, smoothness",0,3,not much fruit in it,0,It could have a stronger strawberry flavor and put chunks of strawberries in it.,0.3818,"['creaminess', 'smoothness']","['much', 'fruit']","['could', 'stronger', 'strawberry', 'flavor', 'put', 'chunk', 'strawberry']"
